"Date (UTC)","Timestamp (UTC)","Price"
"09-12-2024 23:00","1726182002","0.43"
"09-13-2024 00:00","1726185602","0.43"
"09-13-2024 01:00","1726189202","0.43"
"09-13-2024 02:00","1726192802","0.43"
"09-13-2024 03:00","1726196402","0.43"
"09-13-2024 04:00","1726200001","0.43"
"09-13-2024 05:00","1726203602","0.43"
"09-13-2024 06:00","1726207201","0.43"
"09-13-2024 07:00","1726210801","0.435"
"09-13-2024 08:00","1726214402","0.435"
"09-13-2024 09:00","1726218002","0.435"
"09-13-2024 10:00","1726221602","0.435"
"09-13-2024 11:00","1726225202","0.43"
"09-13-2024 12:00","1726228802","0.43"
"09-13-2024 13:00","1726232402","0.43"
"09-13-2024 14:00","1726236002","0.43"
"09-13-2024 15:00","1726239602","0.43"
"09-13-2024 16:00","1726243201","0.43"
"09-13-2024 17:00","1726246802","0.43"
"09-13-2024 18:00","1726250402","0.43"
"09-13-2024 19:00","1726254002","0.43"
"09-13-2024 20:00","1726257602","0.425"
"09-13-2024 21:00","1726261202","0.425"
"09-13-2024 22:00","1726264853","0.425"
"09-13-2024 23:00","1726268402","0.425"
"09-14-2024 00:00","1726272002","0.425"
"09-14-2024 01:00","1726275602","0.425"
"09-14-2024 02:00","1726279202","0.425"
"09-14-2024 03:00","1726282801","0.425"
"09-14-2024 04:00","1726286402","0.425"
"09-14-2024 05:00","1726290002","0.425"
"09-14-2024 06:00","1726293602","0.425"
"09-14-2024 07:00","1726297202","0.435"
"09-14-2024 08:00","1726300802","0.445"
"09-14-2024 09:00","1726304402","0.445"
"09-14-2024 10:00","1726308002","0.445"
"09-14-2024 11:00","1726311602","0.445"
"09-14-2024 12:00","1726315202","0.445"
"09-14-2024 13:00","1726318802","0.445"
"09-14-2024 14:00","1726322402","0.445"
"09-14-2024 15:00","1726326002","0.445"
"09-14-2024 16:00","1726329602","0.45"
"09-14-2024 17:00","1726333202","0.445"
"09-14-2024 18:00","1726336802","0.445"
"09-14-2024 19:00","1726340402","0.445"
"09-14-2024 20:00","1726344002","0.445"
"09-14-2024 21:00","1726347602","0.445"
"09-14-2024 22:00","1726351201","0.445"
"09-14-2024 23:00","1726354802","0.445"
"09-15-2024 00:00","1726358402","0.445"
"09-15-2024 01:00","1726362002","0.445"
"09-15-2024 02:00","1726365602","0.44"
"09-15-2024 03:00","1726369202","0.445"
"09-15-2024 04:00","1726372802","0.445"
"09-15-2024 05:00","1726376402","0.445"
"09-15-2024 06:00","1726380002","0.445"
"09-15-2024 07:00","1726383602","0.445"
"09-15-2024 08:00","1726387202","0.445"
"09-15-2024 09:00","1726390802","0.445"
"09-15-2024 10:00","1726394402","0.44"
"09-15-2024 11:00","1726398002","0.44"
"09-15-2024 12:00","1726401602","0.44"
"09-15-2024 13:00","1726405202","0.44"
"09-15-2024 14:00","1726408802","0.44"
"09-15-2024 15:00","1726412402","0.44"
"09-15-2024 16:00","1726416002","0.44"
"09-15-2024 17:00","1726419602","0.44"
"09-15-2024 18:00","1726423202","0.435"
"09-15-2024 19:00","1726426802","0.435"
"09-15-2024 20:00","1726430402","0.435"
"09-15-2024 21:00","1726434002","0.435"
"09-15-2024 22:00","1726437602","0.435"
"09-15-2024 23:00","1726441202","0.435"
"09-16-2024 00:00","1726444802","0.435"
"09-16-2024 01:00","1726448402","0.435"
"09-16-2024 02:00","1726452002","0.435"
"09-16-2024 03:00","1726455602","0.435"
"09-16-2024 04:00","1726459202","0.435"
"09-16-2024 05:00","1726462802","0.435"
"09-16-2024 06:00","1726466402","0.425"
"09-16-2024 07:00","1726470002","0.425"
"09-16-2024 08:00","1726473602","0.425"
"09-16-2024 09:00","1726477202","0.425"
"09-16-2024 10:00","1726480802","0.425"
"09-16-2024 11:00","1726484402","0.425"
"09-16-2024 12:00","1726488002","0.425"
"09-16-2024 13:00","1726491602","0.425"
"09-16-2024 14:00","1726495202","0.425"
"09-16-2024 15:00","1726498802","0.425"
"09-16-2024 16:00","1726502402","0.43"
"09-16-2024 17:00","1726506002","0.43"
"09-16-2024 18:00","1726509602","0.43"
"09-16-2024 19:00","1726513201","0.435"
"09-16-2024 20:00","1726516801","0.435"
"09-16-2024 21:00","1726520402","0.435"
"09-16-2024 22:00","1726524002","0.435"
"09-16-2024 23:00","1726527602","0.44"
"09-17-2024 00:00","1726531202","0.435"
"09-17-2024 01:00","1726534801","0.435"
"09-17-2024 02:00","1726538402","0.435"
"09-17-2024 03:00","1726542002","0.435"
"09-17-2024 04:00","1726545602","0.435"
"09-17-2024 05:00","1726549202","0.435"
"09-17-2024 06:00","1726552802","0.435"
"09-17-2024 07:00","1726556402","0.435"
"09-17-2024 08:00","1726560002","0.435"
"09-17-2024 09:00","1726563602","0.435"
"09-17-2024 10:00","1726567202","0.425"
"09-17-2024 11:00","1726570802","0.425"
"09-17-2024 12:00","1726574402","0.425"
"09-17-2024 13:00","1726578002","0.425"
"09-17-2024 14:00","1726581602","0.43"
"09-17-2024 15:00","1726585202","0.43"
"09-17-2024 16:00","1726588803","0.43"
"09-17-2024 17:00","1726592402","0.43"
"09-17-2024 18:00","1726596002","0.43"
"09-17-2024 19:00","1726599603","0.43"
"09-17-2024 20:00","1726603202","0.43"
"09-17-2024 21:00","1726606802","0.435"
"09-17-2024 22:00","1726610402","0.43"
"09-17-2024 23:00","1726614002","0.43"
"09-18-2024 00:00","1726617602","0.43"
"09-18-2024 01:00","1726621202","0.43"
"09-18-2024 02:00","1726624802","0.43"
"09-18-2024 03:00","1726628402","0.43"
"09-18-2024 04:00","1726632002","0.43"
"09-18-2024 05:00","1726635602","0.43"
"09-18-2024 06:00","1726639202","0.43"
"09-18-2024 07:00","1726642802","0.43"
"09-18-2024 08:00","1726646402","0.43"
"09-18-2024 09:00","1726650002","0.43"
"09-18-2024 10:00","1726653602","0.43"
"09-18-2024 11:00","1726657202","0.42"
"09-18-2024 12:00","1726660802","0.3"
"09-18-2024 13:00","1726664402","0.3"
"09-18-2024 14:00","1726668002","0.305"
"09-18-2024 15:00","1726671602","0.305"
"09-18-2024 16:00","1726675202","0.32"
"09-18-2024 17:00","1726678802","0.315"
"09-18-2024 18:00","1726682402","0.325"
"09-18-2024 19:00","1726686002","0.325"
"09-18-2024 20:00","1726689602","0.305"
"09-18-2024 21:00","1726693202","0.305"
"09-18-2024 22:00","1726696802","0.305"
"09-18-2024 23:00","1726700402","0.315"
"09-19-2024 00:00","1726704001","0.305"
"09-19-2024 01:00","1726707602","0.305"
"09-19-2024 02:00","1726711202","0.32"
"09-19-2024 03:00","1726714802","0.32"
"09-19-2024 04:00","1726718402","0.32"
"09-19-2024 05:00","1726722002","0.32"
"09-19-2024 06:00","1726725602","0.285"
"09-19-2024 07:00","1726729202","0.335"
"09-19-2024 08:00","1726732802","0.335"
"09-19-2024 09:00","1726736403","0.32"
"09-19-2024 10:00","1726740002","0.335"
"09-19-2024 11:00","1726743602","0.335"
"09-19-2024 12:00","1726747202","0.335"
"09-19-2024 13:00","1726750802","0.315"
"09-19-2024 14:00","1726754403","0.335"
"09-19-2024 15:00","1726758002","0.335"
"09-19-2024 16:00","1726761602","0.335"
"09-19-2024 17:00","1726765202","0.3"
"09-19-2024 18:00","1726768802","0.3"
"09-19-2024 19:00","1726772402","0.3"
"09-19-2024 20:00","1726776002","0.3"
"09-19-2024 21:00","1726779602","0.3"
"09-19-2024 22:00","1726783202","0.3"
"09-19-2024 23:00","1726786803","0.235"
"09-20-2024 00:00","1726790402","0.235"
"09-20-2024 01:00","1726794002","0.235"
"09-20-2024 02:00","1726797602","0.235"
"09-20-2024 03:00","1726801203","0.25"
"09-20-2024 04:00","1726804802","0.25"
"09-20-2024 05:00","1726808402","0.25"
"09-20-2024 06:00","1726812002","0.25"
"09-20-2024 07:00","1726815603","0.245"
"09-20-2024 08:00","1726819202","0.25"
"09-20-2024 09:00","1726822803","0.25"
"09-20-2024 10:00","1726826402","0.25"
"09-20-2024 11:00","1726830002","0.25"
"09-20-2024 12:00","1726833602","0.245"
"09-20-2024 13:00","1726837202","0.245"
"09-20-2024 14:00","1726840802","0.25"
"09-20-2024 15:00","1726844402","0.225"
"09-20-2024 16:00","1726848002","0.24"
"09-20-2024 17:00","1726851602","0.245"
"09-20-2024 18:00","1726855202","0.24"
"09-20-2024 19:00","1726858802","0.24"
"09-20-2024 20:00","1726862402","0.24"
"09-20-2024 21:00","1726866002","0.24"
"09-20-2024 22:00","1726869602","0.245"
"09-20-2024 23:00","1726873202","0.245"
"09-21-2024 00:00","1726876802","0.245"
"09-21-2024 01:00","1726880402","0.245"
"09-21-2024 02:00","1726884002","0.235"
"09-21-2024 03:00","1726887602","0.24"
"09-21-2024 04:00","1726891202","0.24"
"09-21-2024 05:00","1726894802","0.24"
"09-21-2024 06:00","1726898402","0.255"
"09-21-2024 07:00","1726902002","0.245"
"09-21-2024 08:00","1726905602","0.25"
"09-21-2024 09:00","1726909202","0.245"
"09-21-2024 10:00","1726912802","0.255"
"09-21-2024 11:00","1726916402","0.245"
"09-21-2024 12:00","1726920002","0.25"
"09-21-2024 13:00","1726923602","0.25"
"09-21-2024 14:00","1726927202","0.25"
"09-21-2024 15:00","1726930802","0.25"
"09-21-2024 16:00","1726934402","0.25"
"09-21-2024 17:00","1726938002","0.255"
"09-21-2024 18:00","1726941602","0.245"
"09-21-2024 19:00","1726945202","0.24"
"09-21-2024 20:00","1726948802","0.22"
"09-21-2024 21:00","1726952402","0.215"
"09-21-2024 22:00","1726956002","0.21"
"09-21-2024 23:00","1726959602","0.21"
"09-22-2024 00:00","1726963202","0.21"
"09-22-2024 01:00","1726966802","0.21"
"09-22-2024 02:00","1726970402","0.21"
"09-22-2024 03:00","1726974001","0.21"
"09-22-2024 04:00","1726977602","0.21"
"09-22-2024 05:00","1726981202","0.21"
"09-22-2024 06:00","1726984802","0.205"
"09-22-2024 07:00","1726988402","0.205"
"09-22-2024 08:00","1726992002","0.205"
"09-22-2024 09:00","1726995602","0.205"
"09-22-2024 10:00","1726999202","0.205"
"09-22-2024 11:00","1727002802","0.205"
"09-22-2024 12:00","1727006402","0.205"
"09-22-2024 13:00","1727010002","0.205"
"09-22-2024 14:00","1727013602","0.205"
"09-22-2024 15:00","1727017202","0.205"
"09-22-2024 16:00","1727020802","0.205"
"09-22-2024 17:00","1727024402","0.205"
"09-22-2024 18:00","1727028002","0.205"
"09-22-2024 19:00","1727031602","0.21"
"09-22-2024 20:00","1727035202","0.205"
"09-22-2024 21:00","1727038802","0.205"
"09-22-2024 22:00","1727042402","0.21"
"09-22-2024 23:00","1727046002","0.22"
"09-23-2024 00:00","1727049602","0.22"
"09-23-2024 01:00","1727053202","0.225"
"09-23-2024 02:00","1727056802","0.225"
"09-23-2024 03:00","1727060402","0.225"
"09-23-2024 04:00","1727064002","0.225"
"09-23-2024 05:00","1727067602","0.23"
"09-23-2024 06:00","1727071202","0.23"
"09-23-2024 07:00","1727074802","0.23"
"09-23-2024 08:00","1727078402","0.23"
"09-23-2024 09:00","1727082002","0.23"
"09-23-2024 10:00","1727085602","0.23"
"09-23-2024 11:00","1727089202","0.23"
"09-23-2024 12:00","1727092802","0.23"
"09-23-2024 13:00","1727096402","0.23"
"09-23-2024 14:00","1727100002","0.23"
"09-23-2024 15:00","1727103602","0.235"
"09-23-2024 16:00","1727107202","0.235"
"09-23-2024 17:00","1727110802","0.245"
"09-23-2024 18:00","1727114402","0.245"
"09-23-2024 19:00","1727118002","0.245"
"09-23-2024 20:00","1727121602","0.245"
"09-23-2024 21:00","1727125202","0.245"
"09-23-2024 22:00","1727128801","0.245"
"09-23-2024 23:00","1727132402","0.245"
"09-24-2024 00:00","1727136002","0.245"
"09-24-2024 01:00","1727139602","0.245"
"09-24-2024 02:00","1727143202","0.245"
"09-24-2024 03:00","1727146802","0.245"
"09-24-2024 04:00","1727150402","0.245"
"09-24-2024 05:00","1727154002","0.245"
"09-24-2024 06:00","1727157602","0.245"
"09-24-2024 07:00","1727161202","0.245"
"09-24-2024 08:00","1727164802","0.245"
"09-24-2024 09:00","1727168402","0.245"
"09-24-2024 10:00","1727172002","0.245"
"09-24-2024 11:00","1727175602","0.245"
"09-24-2024 12:00","1727179202","0.215"
"09-24-2024 13:00","1727182802","0.215"
"09-24-2024 14:00","1727186402","0.215"
"09-24-2024 15:00","1727190002","0.215"
"09-24-2024 16:00","1727193602","0.24"
"09-24-2024 17:00","1727197203","0.235"
"09-24-2024 18:00","1727200802","0.235"
"09-24-2024 19:00","1727204403","0.24"
"09-24-2024 20:00","1727208002","0.24"
"09-24-2024 21:00","1727211602","0.24"
"09-24-2024 22:00","1727215203","0.24"
"09-24-2024 23:00","1727218802","0.24"
"09-25-2024 00:00","1727222402","0.24"
"09-25-2024 01:00","1727226002","0.24"
"09-25-2024 02:00","1727229602","0.24"
"09-25-2024 03:00","1727233202","0.24"
"09-25-2024 04:00","1727236802","0.24"
"09-25-2024 05:00","1727240402","0.235"
"09-25-2024 06:00","1727244002","0.24"
"09-25-2024 07:00","1727247602","0.235"
"09-25-2024 08:00","1727251202","0.24"
"09-25-2024 09:00","1727254802","0.245"
"09-25-2024 10:00","1727258402","0.24"
"09-25-2024 11:00","1727262002","0.245"
"09-25-2024 12:00","1727265602","0.245"
"09-25-2024 13:00","1727269202","0.245"
"09-25-2024 14:00","1727272802","0.245"
"09-25-2024 15:00","1727276402","0.245"
"09-25-2024 16:00","1727280003","0.26"
"09-25-2024 17:00","1727283603","0.255"
"09-25-2024 18:00","1727287202","0.25"
"09-25-2024 19:00","1727290803","0.25"
"09-25-2024 20:00","1727294402","0.25"
"09-25-2024 21:00","1727298002","0.25"
"09-25-2024 22:00","1727301602","0.25"
"09-25-2024 23:00","1727305203","0.255"
"09-26-2024 00:00","1727308802","0.255"
"09-26-2024 01:00","1727312402","0.255"
"09-26-2024 02:00","1727316002","0.25"
"09-26-2024 03:00","1727319602","0.255"
"09-26-2024 04:00","1727323203","0.255"
"09-26-2024 05:00","1727326802","0.26"
"09-26-2024 06:00","1727330402","0.285"
"09-26-2024 07:00","1727334002","0.335"
"09-26-2024 08:00","1727337602","0.335"
"09-26-2024 09:00","1727341202","0.31"
"09-26-2024 10:00","1727344802","0.31"
"09-26-2024 11:00","1727348402","0.31"
"09-26-2024 12:00","1727352002","0.31"
"09-26-2024 13:00","1727355602","0.275"
"09-26-2024 14:00","1727359202","0.275"
"09-26-2024 15:00","1727362802","0.335"
"09-26-2024 16:00","1727366402","0.34"
"09-26-2024 17:00","1727370002","0.34"
"09-26-2024 18:00","1727373602","0.34"
"09-26-2024 19:00","1727377203","0.315"
"09-26-2024 20:00","1727380802","0.345"
"09-26-2024 21:00","1727384402","0.345"
"09-26-2024 22:00","1727388002","0.32"
"09-26-2024 23:00","1727391603","0.32"
"09-27-2024 00:00","1727395202","0.32"
"09-27-2024 01:00","1727398802","0.33"
"09-27-2024 02:00","1727402402","0.335"
"09-27-2024 03:00","1727406002","0.325"
"09-27-2024 04:00","1727409602","0.315"
"09-27-2024 05:00","1727413203","0.34"
"09-27-2024 06:00","1727416803","0.325"
"09-27-2024 07:00","1727420402","0.325"
"09-27-2024 08:00","1727424003","0.325"
"09-27-2024 09:00","1727427603","0.325"
"09-27-2024 10:00","1727431203","0.325"
"09-27-2024 11:00","1727434802","0.325"
"09-27-2024 12:00","1727438402","0.325"
"09-27-2024 13:00","1727442003","0.33"
"09-27-2024 14:00","1727445603","0.33"
"09-27-2024 15:00","1727449202","0.325"
"09-27-2024 16:00","1727452802","0.325"
"09-27-2024 17:00","1727456402","0.315"
"09-27-2024 18:00","1727460002","0.315"
"09-27-2024 19:00","1727463602","0.325"
"09-27-2024 20:00","1727467202","0.31"
"09-27-2024 21:00","1727470802","0.31"
"09-27-2024 22:00","1727474402","0.31"
"09-27-2024 23:00","1727478002","0.31"
"09-28-2024 00:00","1727481602","0.31"
"09-28-2024 01:00","1727485202","0.31"
"09-28-2024 02:00","1727488802","0.31"
"09-28-2024 03:00","1727492402","0.31"
"09-28-2024 04:00","1727496002","0.31"
"09-28-2024 05:00","1727499602","0.31"
"09-28-2024 06:00","1727503202","0.31"
"09-28-2024 07:00","1727506803","0.31"
"09-28-2024 08:00","1727510402","0.31"
"09-28-2024 09:00","1727514002","0.31"
"09-28-2024 10:00","1727517602","0.31"
"09-28-2024 11:00","1727521202","0.31"
"09-28-2024 12:00","1727524802","0.305"
"09-28-2024 13:00","1727528402","0.305"
"09-28-2024 14:00","1727532002","0.26"
"09-28-2024 15:00","1727535602","0.26"
"09-28-2024 16:00","1727539202","0.26"
"09-28-2024 17:00","1727542802","0.26"
"09-28-2024 18:00","1727546403","0.26"
"09-28-2024 19:00","1727550003","0.26"
"09-28-2024 20:00","1727553602","0.26"
"09-28-2024 21:00","1727557203","0.26"
"09-28-2024 22:00","1727560803","0.26"
"09-28-2024 23:00","1727564402","0.26"
"09-29-2024 00:00","1727568003","0.255"
"09-29-2024 01:00","1727571602","0.255"
"09-29-2024 02:00","1727575203","0.255"
"09-29-2024 03:00","1727578803","0.255"
"09-29-2024 04:00","1727582403","0.255"
"09-29-2024 05:00","1727586002","0.255"
"09-29-2024 06:00","1727589602","0.255"
"09-29-2024 07:00","1727593203","0.255"
"09-29-2024 08:00","1727596802","0.255"
"09-29-2024 09:00","1727600403","0.255"
"09-29-2024 10:00","1727604004","0.255"
"09-29-2024 11:00","1727607603","0.255"
"09-29-2024 12:00","1727611202","0.255"
"09-29-2024 13:00","1727614803","0.255"
"09-29-2024 14:00","1727618403","0.255"
"09-29-2024 15:00","1727622002","0.255"
"09-29-2024 16:00","1727625602","0.255"
"09-29-2024 17:00","1727629203","0.255"
"09-29-2024 18:00","1727632802","0.255"
"09-29-2024 19:00","1727636402","0.255"
"09-29-2024 20:00","1727640002","0.255"
"09-29-2024 21:00","1727643602","0.255"
"09-29-2024 22:00","1727647203","0.255"
"09-29-2024 23:00","1727650802","0.255"
"09-30-2024 00:00","1727654403","0.255"
"09-30-2024 01:00","1727658003","0.255"
"09-30-2024 02:00","1727661603","0.255"
"09-30-2024 03:00","1727665202","0.255"
"09-30-2024 04:00","1727668802","0.255"
"09-30-2024 05:00","1727672402","0.255"
"09-30-2024 06:00","1727676002","0.255"
"09-30-2024 07:00","1727679603","0.26"
"09-30-2024 08:00","1727683202","0.255"
"09-30-2024 09:00","1727686802","0.255"
"09-30-2024 10:00","1727690402","0.255"
"09-30-2024 11:00","1727694001","0.26"
"09-30-2024 12:00","1727697602","0.26"
"09-30-2024 13:00","1727701202","0.26"
"09-30-2024 14:00","1727704802","0.255"
"09-30-2024 15:00","1727708402","0.255"
"09-30-2024 16:00","1727712002","0.26"
"09-30-2024 17:00","1727715602","0.26"
"09-30-2024 18:00","1727719202","0.255"
"09-30-2024 19:00","1727722802","0.255"
"09-30-2024 20:00","1727726402","0.26"
"09-30-2024 21:00","1727730002","0.26"
"09-30-2024 22:00","1727733602","0.265"
"09-30-2024 23:00","1727737202","0.27"
"10-01-2024 00:00","1727740802","0.27"
"10-01-2024 01:00","1727744402","0.27"
"10-01-2024 02:00","1727748002","0.27"
"10-01-2024 03:00","1727751602","0.27"
"10-01-2024 04:00","1727755202","0.27"
"10-01-2024 05:00","1727758802","0.27"
"10-01-2024 06:00","1727762402","0.27"
"10-01-2024 07:00","1727766002","0.27"
"10-01-2024 08:00","1727769602","0.27"
"10-01-2024 09:00","1727773202","0.27"
"10-01-2024 10:00","1727776802","0.27"
"10-01-2024 11:00","1727780403","0.285"
"10-01-2024 12:00","1727784002","0.275"
"10-01-2024 13:00","1727787602","0.27"
"10-01-2024 14:00","1727791202","0.27"
"10-01-2024 15:00","1727794802","0.27"
"10-01-2024 16:00","1727798402","0.265"
"10-01-2024 17:00","1727802003","0.265"
"10-01-2024 18:00","1727805602","0.25"
"10-01-2024 19:00","1727809202","0.26"
"10-01-2024 20:00","1727812802","0.265"
"10-01-2024 21:00","1727816402","0.265"
"10-01-2024 22:00","1727820002","0.265"
"10-01-2024 23:00","1727823602","0.265"
"10-02-2024 00:00","1727827202","0.265"
"10-02-2024 01:00","1727830802","0.265"
"10-02-2024 02:00","1727834402","0.265"
"10-02-2024 03:00","1727838002","0.265"
"10-02-2024 04:00","1727841602","0.275"
"10-02-2024 05:00","1727845202","0.275"
"10-02-2024 06:00","1727848802","0.275"
"10-02-2024 07:00","1727852402","0.275"
"10-02-2024 08:00","1727856002","0.275"
"10-02-2024 09:00","1727859602","0.275"
"10-02-2024 10:00","1727863202","0.275"
"10-02-2024 11:00","1727866802","0.275"
"10-02-2024 12:00","1727870402","0.275"
"10-02-2024 13:00","1727874002","0.275"
"10-02-2024 14:00","1727877602","0.275"
"10-02-2024 14:00","1727877607","0.275"
"10-02-2024 15:00","1727881202","0.275"
"10-02-2024 16:00","1727884801","0.275"
"10-02-2024 17:00","1727888402","0.275"
"10-02-2024 18:00","1727892002","0.275"
"10-02-2024 19:00","1727895602","0.27"
"10-02-2024 20:00","1727899202","0.27"
"10-02-2024 21:00","1727902802","0.28"
"10-02-2024 22:00","1727906402","0.29"
"10-02-2024 23:00","1727910003","0.28"
"10-03-2024 00:00","1727913602","0.285"
"10-03-2024 01:00","1727917202","0.28"
"10-03-2024 02:00","1727920802","0.275"
"10-03-2024 03:00","1727924403","0.275"
"10-03-2024 04:00","1727928002","0.275"
"10-03-2024 05:00","1727931603","0.275"
"10-03-2024 06:00","1727935202","0.275"
"10-03-2024 07:00","1727938802","0.27"
"10-03-2024 08:00","1727942402","0.28"
"10-03-2024 09:00","1727946002","0.275"
"10-03-2024 10:00","1727949602","0.275"
"10-03-2024 11:00","1727953202","0.265"
"10-03-2024 12:00","1727956802","0.265"
"10-03-2024 13:00","1727960402","0.265"
"10-03-2024 14:00","1727964002","0.265"
"10-03-2024 15:00","1727967603","0.265"
"10-03-2024 16:00","1727971202","0.265"
"10-03-2024 17:00","1727974802","0.265"
"10-03-2024 18:00","1727978401","0.265"
"10-03-2024 19:00","1727982002","0.265"
"10-03-2024 20:00","1727985602","0.265"
"10-03-2024 21:00","1727989202","0.265"
"10-03-2024 22:00","1727992802","0.265"
"10-03-2024 23:00","1727996402","0.265"
"10-04-2024 00:00","1728000002","0.265"
"10-04-2024 01:00","1728003602","0.265"
"10-04-2024 02:00","1728007202","0.265"
"10-04-2024 03:00","1728010802","0.265"
"10-04-2024 04:00","1728014403","0.27"
"10-04-2024 05:00","1728018002","0.27"
"10-04-2024 06:00","1728021602","0.29"
"10-04-2024 07:00","1728025202","0.28"
"10-04-2024 08:00","1728028802","0.28"
"10-04-2024 09:00","1728032402","0.28"
"10-04-2024 10:00","1728036002","0.28"
"10-04-2024 11:00","1728039602","0.28"
"10-04-2024 12:00","1728043202","0.28"
"10-04-2024 13:00","1728046802","0.28"
"10-04-2024 14:00","1728050402","0.28"
"10-04-2024 15:00","1728054002","0.29"
"10-04-2024 16:00","1728057602","0.28"
"10-04-2024 17:00","1728061202","0.27"
"10-04-2024 18:00","1728064802","0.27"
"10-04-2024 19:00","1728068402","0.27"
"10-04-2024 20:00","1728072002","0.27"
"10-04-2024 21:00","1728075602","0.27"
"10-04-2024 22:00","1728079202","0.27"
"10-04-2024 23:00","1728082802","0.27"
"10-05-2024 00:00","1728086402","0.27"
"10-05-2024 01:00","1728090002","0.27"
"10-05-2024 02:00","1728093602","0.27"
"10-05-2024 03:00","1728097202","0.27"
"10-05-2024 04:00","1728100802","0.27"
"10-05-2024 05:00","1728104402","0.27"
"10-05-2024 06:00","1728108002","0.27"
"10-05-2024 07:00","1728111602","0.27"
"10-05-2024 08:00","1728115202","0.27"
"10-05-2024 09:00","1728118802","0.265"
"10-05-2024 10:00","1728122402","0.265"
"10-05-2024 11:00","1728126002","0.265"
"10-05-2024 12:00","1728129602","0.265"
"10-05-2024 13:00","1728133202","0.27"
"10-05-2024 14:00","1728136802","0.27"
"10-05-2024 15:00","1728140402","0.27"
"10-05-2024 16:00","1728144002","0.27"
"10-05-2024 17:00","1728147602","0.27"
"10-05-2024 18:00","1728151202","0.27"
"10-05-2024 19:00","1728154802","0.27"
"10-05-2024 20:00","1728158402","0.27"
"10-05-2024 21:00","1728162002","0.27"
"10-05-2024 22:00","1728165602","0.27"
"10-05-2024 23:00","1728169202","0.27"
"10-06-2024 00:00","1728172802","0.27"
"10-06-2024 01:00","1728176402","0.27"
"10-06-2024 02:00","1728180002","0.27"
"10-06-2024 03:00","1728183602","0.265"
"10-06-2024 04:00","1728187202","0.265"
"10-06-2024 05:00","1728190802","0.265"
"10-06-2024 06:00","1728194402","0.265"
"10-06-2024 07:00","1728198002","0.265"
"10-06-2024 08:00","1728201602","0.265"
"10-06-2024 09:00","1728205202","0.265"
"10-06-2024 10:00","1728208802","0.265"
"10-06-2024 11:00","1728212402","0.265"
"10-06-2024 12:00","1728216002","0.265"
"10-06-2024 13:00","1728219602","0.265"
"10-06-2024 14:00","1728223202","0.265"
"10-06-2024 15:00","1728226802","0.265"
"10-06-2024 16:00","1728230402","0.265"
"10-06-2024 17:00","1728234002","0.265"
"10-06-2024 18:00","1728237602","0.265"
"10-06-2024 19:00","1728241202","0.265"
"10-06-2024 20:00","1728244802","0.265"
"10-06-2024 21:00","1728248402","0.265"
"10-06-2024 22:00","1728252002","0.265"
"10-06-2024 23:00","1728255602","0.265"
"10-07-2024 00:00","1728259202","0.265"
"10-07-2024 01:00","1728262802","0.265"
"10-07-2024 02:00","1728266402","0.265"
"10-07-2024 03:00","1728270002","0.265"
"10-07-2024 04:00","1728273602","0.265"
"10-07-2024 05:00","1728277202","0.265"
"10-07-2024 06:00","1728280802","0.265"
"10-07-2024 07:00","1728284402","0.265"
"10-07-2024 08:00","1728288002","0.265"
"10-07-2024 09:00","1728291602","0.265"
"10-07-2024 10:00","1728295202","0.265"
"10-07-2024 11:00","1728298802","0.265"
"10-07-2024 12:00","1728302402","0.265"
"10-07-2024 13:00","1728306002","0.265"
"10-07-2024 14:00","1728309602","0.265"
"10-07-2024 15:00","1728313201","0.265"
"10-07-2024 16:00","1728316802","0.265"
"10-07-2024 17:00","1728320402","0.265"
"10-07-2024 18:00","1728324002","0.265"
"10-07-2024 19:00","1728327602","0.265"
"10-07-2024 20:00","1728331202","0.265"
"10-07-2024 21:00","1728334802","0.265"
"10-07-2024 22:00","1728338402","0.265"
"10-07-2024 23:00","1728342002","0.265"
"10-08-2024 00:00","1728345602","0.265"
"10-08-2024 01:00","1728349202","0.265"
"10-08-2024 02:00","1728352802","0.265"
"10-08-2024 03:00","1728356402","0.265"
"10-08-2024 04:00","1728360002","0.235"
"10-08-2024 05:00","1728363602","0.235"
"10-08-2024 06:00","1728367202","0.235"
"10-08-2024 07:00","1728370802","0.235"
"10-08-2024 08:00","1728374402","0.235"
"10-08-2024 09:00","1728378002","0.235"
"10-08-2024 10:00","1728381602","0.235"
"10-08-2024 11:00","1728385202","0.235"
"10-08-2024 12:00","1728388802","0.235"
"10-08-2024 13:00","1728392402","0.235"
"10-08-2024 14:00","1728396002","0.235"
"10-08-2024 15:00","1728399603","0.235"
"10-08-2024 16:00","1728403214","0.235"
"10-08-2024 17:00","1728406803","0.235"
"10-08-2024 18:00","1728410402","0.235"
"10-08-2024 19:00","1728414003","0.225"
"10-08-2024 20:00","1728417603","0.225"
"10-08-2024 21:00","1728421202","0.215"
"10-08-2024 22:00","1728424802","0.215"
"10-08-2024 23:00","1728428402","0.215"
"10-09-2024 00:00","1728432002","0.215"
"10-09-2024 01:00","1728435602","0.225"
"10-09-2024 02:00","1728439202","0.225"
"10-09-2024 03:00","1728442802","0.225"
"10-09-2024 04:00","1728446402","0.23"
"10-09-2024 05:00","1728450002","0.23"
"10-09-2024 06:00","1728453602","0.23"
"10-09-2024 07:00","1728457202","0.23"
"10-09-2024 08:00","1728460802","0.23"
"10-09-2024 09:00","1728464402","0.23"
"10-09-2024 10:00","1728468002","0.23"
"10-09-2024 11:00","1728471602","0.23"
"10-09-2024 12:00","1728475202","0.22"
"10-09-2024 13:00","1728478802","0.22"
"10-09-2024 14:00","1728482402","0.22"
"10-09-2024 15:00","1728486002","0.22"
"10-09-2024 16:00","1728489602","0.22"
"10-09-2024 17:00","1728493202","0.22"
"10-09-2024 18:00","1728496802","0.22"
"10-09-2024 19:00","1728500402","0.22"
"10-09-2024 20:00","1728504003","0.22"
"10-09-2024 21:00","1728507603","0.22"
"10-09-2024 22:00","1728511202","0.22"
"10-09-2024 23:00","1728514802","0.22"
"10-10-2024 00:00","1728518402","0.22"
"10-10-2024 01:00","1728522002","0.22"
"10-10-2024 02:00","1728525603","0.22"
"10-10-2024 03:00","1728529203","0.225"
"10-10-2024 04:00","1728532802","0.225"
"10-10-2024 05:00","1728536402","0.225"
"10-10-2024 06:00","1728540002","0.225"
"10-10-2024 07:00","1728543603","0.225"
"10-10-2024 08:00","1728547202","0.225"
"10-10-2024 09:00","1728550802","0.225"
"10-10-2024 10:00","1728554402","0.225"
"10-10-2024 11:00","1728558002","0.225"
"10-10-2024 12:00","1728561603","0.225"
"10-10-2024 13:00","1728565203","0.225"
"10-10-2024 14:00","1728568803","0.225"
"10-10-2024 15:00","1728572403","0.225"
"10-10-2024 16:00","1728576003","0.225"
"10-10-2024 17:00","1728579602","0.225"
"10-10-2024 18:00","1728583203","0.225"
"10-10-2024 19:00","1728586802","0.225"
"10-10-2024 20:00","1728590402","0.225"
"10-10-2024 21:00","1728594003","0.225"
"10-10-2024 22:00","1728597603","0.225"
"10-10-2024 23:00","1728601203","0.225"
"10-11-2024 00:00","1728604803","0.225"
"10-11-2024 01:00","1728608402","0.225"
"10-11-2024 02:00","1728612003","0.225"
"10-11-2024 03:00","1728615602","0.225"
"10-11-2024 04:00","1728619202","0.225"
"10-11-2024 05:00","1728622802","0.225"
"10-11-2024 06:00","1728626402","0.19"
"10-11-2024 07:00","1728630003","0.18"
"10-11-2024 08:00","1728633603","0.18"
"10-11-2024 09:00","1728637202","0.18"
"10-11-2024 10:00","1728640803","0.17"
"10-11-2024 11:00","1728644403","0.17"
"10-11-2024 12:00","1728648002","0.17"
"10-11-2024 13:00","1728651603","0.17"
"10-11-2024 14:00","1728655202","0.17"
"10-11-2024 15:00","1728658802","0.17"
"10-11-2024 16:00","1728662402","0.17"
"10-11-2024 17:00","1728666003","0.17"
"10-11-2024 18:00","1728669603","0.17"
"10-11-2024 19:00","1728673202","0.17"
"10-11-2024 20:00","1728676802","0.165"
"10-11-2024 21:00","1728680402","0.165"
"10-11-2024 22:00","1728684002","0.175"
"10-11-2024 23:00","1728687602","0.175"
"10-12-2024 00:00","1728691202","0.175"
"10-12-2024 01:00","1728694802","0.175"
"10-12-2024 02:00","1728698403","0.2"
"10-12-2024 03:00","1728702002","0.195"
"10-12-2024 04:00","1728705602","0.195"
"10-12-2024 05:00","1728709202","0.195"
"10-12-2024 06:00","1728712802","0.195"
"10-12-2024 07:00","1728716402","0.195"
"10-12-2024 08:00","1728720003","0.195"
"10-12-2024 09:00","1728723602","0.18"
"10-12-2024 10:00","1728727202","0.18"
"10-12-2024 11:00","1728730802","0.18"
"10-12-2024 12:00","1728734403","0.18"
"10-12-2024 13:00","1728738002","0.18"
"10-12-2024 14:00","1728741603","0.18"
"10-12-2024 15:00","1728745203","0.18"
"10-12-2024 16:00","1728748802","0.18"
"10-12-2024 17:00","1728752403","0.18"
"10-12-2024 18:00","1728756002","0.18"
"10-12-2024 19:00","1728759602","0.175"
"10-12-2024 20:00","1728763202","0.175"
"10-12-2024 21:00","1728766802","0.175"
"10-12-2024 22:00","1728770402","0.175"
"10-12-2024 23:00","1728774002","0.175"
"10-13-2024 00:00","1728777603","0.175"
"10-13-2024 01:00","1728781202","0.175"
"10-13-2024 02:00","1728784802","0.175"
"10-13-2024 03:00","1728788402","0.175"
"10-13-2024 04:00","1728792002","0.175"
"10-13-2024 05:00","1728795602","0.175"
"10-13-2024 06:00","1728799202","0.18"
"10-13-2024 07:00","1728802802","0.18"
"10-13-2024 08:00","1728806402","0.18"
"10-13-2024 09:00","1728810002","0.18"
"10-13-2024 10:00","1728813602","0.18"
"10-13-2024 11:00","1728817202","0.18"
"10-13-2024 12:00","1728820803","0.18"
"10-13-2024 13:00","1728824402","0.18"
"10-13-2024 14:00","1728828002","0.18"
"10-13-2024 15:00","1728831602","0.18"
"10-13-2024 16:00","1728835202","0.18"
"10-13-2024 17:00","1728838802","0.18"
"10-13-2024 18:00","1728842402","0.18"
"10-13-2024 19:00","1728846002","0.18"
"10-13-2024 20:00","1728849602","0.205"
"10-13-2024 21:00","1728853203","0.205"
"10-13-2024 22:00","1728856802","0.205"
"10-13-2024 23:00","1728860402","0.205"
"10-14-2024 00:00","1728864002","0.205"
"10-14-2024 01:00","1728867602","0.205"
"10-14-2024 02:00","1728871202","0.205"
"10-14-2024 03:00","1728874802","0.205"
"10-14-2024 04:00","1728878402","0.21"
"10-14-2024 05:00","1728882002","0.21"
"10-14-2024 06:00","1728885602","0.21"
"10-14-2024 07:00","1728889202","0.21"
"10-14-2024 08:00","1728892802","0.21"
"10-14-2024 09:00","1728896402","0.21"
"10-14-2024 10:00","1728900002","0.21"
"10-14-2024 11:00","1728903602","0.21"
"10-14-2024 12:00","1728907203","0.21"
"10-14-2024 13:00","1728910803","0.21"
"10-14-2024 14:00","1728914402","0.21"
"10-14-2024 15:00","1728918002","0.21"
"10-14-2024 16:00","1728921602","0.21"
"10-14-2024 17:00","1728925202","0.21"
"10-14-2024 18:00","1728928802","0.21"
"10-14-2024 19:00","1728932402","0.205"
"10-14-2024 20:00","1728936002","0.205"
"10-14-2024 21:00","1728939602","0.205"
"10-14-2024 22:00","1728943202","0.205"
"10-14-2024 23:00","1728946802","0.205"
"10-15-2024 00:00","1728950402","0.205"
"10-15-2024 01:00","1728954002","0.2"
"10-15-2024 02:00","1728957602","0.2"
"10-15-2024 03:00","1728961202","0.2"
"10-15-2024 04:00","1728964802","0.2"
"10-15-2024 05:00","1728968402","0.195"
"10-15-2024 06:00","1728972002","0.195"
"10-15-2024 07:00","1728975602","0.195"
"10-15-2024 08:00","1728979202","0.275"
"10-15-2024 09:00","1728982802","0.275"
"10-15-2024 10:00","1728986402","0.265"
"10-15-2024 11:00","1728990002","0.255"
"10-15-2024 12:00","1728993602","0.255"
"10-15-2024 13:00","1728997202","0.255"
"10-15-2024 14:00","1729000802","0.255"
"10-15-2024 15:00","1729004402","0.255"
"10-15-2024 16:00","1729008002","0.255"
"10-15-2024 17:00","1729011602","0.255"
"10-15-2024 18:00","1729015202","0.255"
"10-15-2024 19:00","1729018803","0.255"
"10-15-2024 20:00","1729022402","0.225"
"10-15-2024 21:00","1729026003","0.225"
"10-15-2024 22:00","1729029603","0.23"
"10-15-2024 23:00","1729033202","0.22"
"10-16-2024 00:00","1729036803","0.22"
"10-16-2024 01:00","1729040402","0.22"
"10-16-2024 02:00","1729044002","0.225"
"10-16-2024 03:00","1729047602","0.2"
"10-16-2024 04:00","1729051202","0.2"
"10-16-2024 05:00","1729054802","0.195"
"10-16-2024 06:00","1729058402","0.195"
"10-16-2024 07:00","1729062002","0.195"
"10-16-2024 08:00","1729065603","0.195"
"10-16-2024 09:00","1729069202","0.195"
"10-16-2024 10:00","1729072802","0.195"
"10-16-2024 11:00","1729076402","0.195"
"10-16-2024 12:00","1729080002","0.2"
"10-16-2024 13:00","1729083602","0.195"
"10-16-2024 14:00","1729087202","0.195"
"10-16-2024 15:00","1729090803","0.195"
"10-16-2024 16:00","1729094403","0.2"
"10-16-2024 17:00","1729098002","0.2"
"10-16-2024 18:00","1729101602","0.2"
"10-16-2024 19:00","1729105202","0.195"
"10-16-2024 20:00","1729108802","0.195"
"10-16-2024 21:00","1729112403","0.195"
"10-16-2024 22:00","1729116002","0.2"
"10-16-2024 23:00","1729119602","0.2"
"10-17-2024 00:00","1729123202","0.2"
"10-17-2024 01:00","1729126803","0.2"
"10-17-2024 02:00","1729130403","0.2"
"10-17-2024 03:00","1729134003","0.2"
"10-17-2024 04:00","1729137603","0.2"
"10-17-2024 05:00","1729141203","0.2"
"10-17-2024 06:00","1729144803","0.2"
"10-17-2024 07:00","1729148402","0.2"
"10-17-2024 08:00","1729152003","0.2"
"10-17-2024 09:00","1729155603","0.2"
"10-17-2024 10:00","1729159202","0.2"
"10-17-2024 11:00","1729162803","0.2"
"10-17-2024 12:00","1729166402","0.21"
"10-17-2024 13:00","1729170002","0.295"
"10-17-2024 14:00","1729173603","0.395"
"10-17-2024 15:00","1729177203","0.39"
"10-17-2024 16:00","1729180802","0.375"
"10-17-2024 17:00","1729184402","0.435"
"10-17-2024 18:00","1729188002","0.38"
"10-17-2024 19:00","1729191602","0.34"
"10-17-2024 20:00","1729195202","0.43"
"10-17-2024 21:00","1729198803","0.38"
"10-17-2024 22:00","1729202402","0.335"
"10-17-2024 23:00","1729206002","0.33"
"10-18-2024 00:00","1729209602","0.33"
"10-18-2024 01:00","1729213202","0.33"
"10-18-2024 02:00","1729216802","0.235"
"10-18-2024 03:00","1729220403","0.23"
"10-18-2024 04:00","1729224003","0.23"
"10-18-2024 05:00","1729227603","0.245"
"10-18-2024 06:00","1729231202","0.25"
"10-18-2024 07:00","1729234802","0.3"
"10-18-2024 08:00","1729238403","0.31"
"10-18-2024 09:00","1729242002","0.315"
"10-18-2024 10:00","1729245603","0.31"
"10-18-2024 11:00","1729249203","0.295"
"10-18-2024 12:00","1729252802","0.295"
"10-18-2024 13:00","1729256403","0.305"
"10-18-2024 14:00","1729260002","0.285"
"10-18-2024 15:00","1729263602","0.275"
"10-18-2024 16:00","1729267203","0.28"
"10-18-2024 17:00","1729270802","0.275"
"10-18-2024 18:00","1729274403","0.275"
"10-18-2024 19:00","1729278002","0.275"
"10-18-2024 20:00","1729281602","0.28"
"10-18-2024 21:00","1729285202","0.27"
"10-18-2024 22:00","1729288802","0.27"
"10-18-2024 23:00","1729292402","0.27"
"10-19-2024 00:00","1729296002","0.28"
"10-19-2024 01:00","1729299602","0.28"
"10-19-2024 02:00","1729303202","0.28"
"10-19-2024 03:00","1729306802","0.265"
"10-19-2024 04:00","1729310402","0.265"
"10-19-2024 05:00","1729314002","0.265"
"10-19-2024 06:00","1729317602","0.265"
"10-19-2024 07:00","1729321202","0.265"
"10-19-2024 08:00","1729324802","0.265"
"10-19-2024 09:00","1729328402","0.265"
"10-19-2024 10:00","1729332003","0.265"
"10-19-2024 11:00","1729335603","0.265"
"10-19-2024 12:00","1729339203","0.265"
"10-19-2024 13:00","1729342803","0.265"
"10-19-2024 14:00","1729346403","0.265"
"10-19-2024 15:00","1729350002","0.265"
"10-19-2024 16:00","1729353602","0.265"
"10-19-2024 17:00","1729357202","0.265"
"10-19-2024 18:00","1729360802","0.265"
"10-19-2024 19:00","1729364402","0.265"
"10-19-2024 20:00","1729368003","0.265"
"10-19-2024 21:00","1729371602","0.265"
"10-19-2024 22:00","1729375202","0.265"
"10-19-2024 23:00","1729378802","0.265"
"10-20-2024 00:00","1729382402","0.265"
"10-20-2024 01:00","1729386002","0.265"
"10-20-2024 02:00","1729389602","0.265"
"10-20-2024 03:00","1729393202","0.265"
"10-20-2024 04:00","1729396802","0.275"
"10-20-2024 05:00","1729400402","0.275"
"10-20-2024 06:00","1729404002","0.275"
"10-20-2024 07:00","1729407602","0.275"
"10-20-2024 08:00","1729411202","0.275"
"10-20-2024 09:00","1729414802","0.275"
"10-20-2024 10:00","1729418402","0.275"
"10-20-2024 11:00","1729422002","0.275"
"10-20-2024 12:00","1729425602","0.275"
"10-20-2024 13:00","1729429202","0.275"
"10-20-2024 14:00","1729432802","0.275"
"10-20-2024 15:00","1729436402","0.275"
"10-20-2024 16:00","1729440002","0.275"
"10-20-2024 17:00","1729443602","0.275"
"10-20-2024 18:00","1729447202","0.275"
"10-20-2024 19:00","1729450802","0.275"
"10-20-2024 20:00","1729454402","0.275"
"10-20-2024 21:00","1729458003","0.275"
"10-20-2024 22:00","1729461602","0.275"
"10-20-2024 23:00","1729465202","0.275"
"10-21-2024 00:00","1729468802","0.275"
"10-21-2024 01:00","1729472402","0.275"
"10-21-2024 02:00","1729476002","0.275"
"10-21-2024 03:00","1729479602","0.275"
"10-21-2024 04:00","1729483202","0.275"
"10-21-2024 05:00","1729486802","0.275"
"10-21-2024 06:00","1729490402","0.275"
"10-21-2024 07:00","1729494002","0.275"
"10-21-2024 08:00","1729497602","0.275"
"10-21-2024 09:00","1729501202","0.285"
"10-21-2024 10:00","1729504803","0.285"
"10-21-2024 11:00","1729508402","0.285"
"10-21-2024 12:00","1729512002","0.285"
"10-21-2024 13:00","1729515602","0.285"
"10-21-2024 14:00","1729519202","0.28"
"10-21-2024 15:00","1729522802","0.28"
"10-21-2024 16:00","1729526402","0.28"
"10-21-2024 17:00","1729530003","0.28"
"10-21-2024 18:00","1729533602","0.28"
"10-21-2024 19:00","1729537202","0.28"
"10-21-2024 20:00","1729540802","0.285"
"10-21-2024 21:00","1729544402","0.295"
"10-21-2024 22:00","1729548003","0.295"
"10-21-2024 23:00","1729551602","0.295"
"10-22-2024 00:00","1729555202","0.295"
"10-22-2024 01:00","1729558802","0.295"
"10-22-2024 02:00","1729562402","0.295"
"10-22-2024 03:00","1729566002","0.295"
"10-22-2024 04:00","1729569603","0.295"
"10-22-2024 05:00","1729573202","0.295"
"10-22-2024 06:00","1729576802","0.295"
"10-22-2024 07:00","1729580402","0.295"
"10-22-2024 08:00","1729584002","0.295"
"10-22-2024 09:00","1729587603","0.305"
"10-22-2024 10:00","1729591202","0.315"
"10-22-2024 11:00","1729594803","0.305"
"10-22-2024 12:00","1729598402","0.305"
"10-22-2024 13:00","1729602002","0.305"
"10-22-2024 14:00","1729605602","0.305"
"10-22-2024 15:00","1729609202","0.305"
"10-22-2024 16:00","1729612802","0.305"
"10-22-2024 17:00","1729616402","0.305"
"10-22-2024 18:00","1729620002","0.305"
"10-22-2024 19:00","1729623602","0.305"
"10-22-2024 20:00","1729627203","0.305"
"10-22-2024 21:00","1729630802","0.31"
"10-22-2024 22:00","1729634402","0.31"
"10-22-2024 23:00","1729638002","0.315"
"10-23-2024 00:00","1729641602","0.315"
"10-23-2024 01:00","1729645202","0.315"
"10-23-2024 02:00","1729648802","0.33"
"10-23-2024 03:00","1729652402","0.305"
"10-23-2024 04:00","1729656002","0.315"
"10-23-2024 05:00","1729659602","0.32"
"10-23-2024 06:00","1729663203","0.345"
"10-23-2024 07:00","1729666803","0.345"
"10-23-2024 08:00","1729670402","0.345"
"10-23-2024 09:00","1729674002","0.345"
"10-23-2024 10:00","1729677603","0.34"
"10-23-2024 11:00","1729681202","0.335"
"10-23-2024 12:00","1729684802","0.335"
"10-23-2024 13:00","1729688403","0.335"
"10-23-2024 14:00","1729692003","0.335"
"10-23-2024 15:00","1729695603","0.33"
"10-23-2024 16:00","1729699203","0.33"
"10-23-2024 17:00","1729702802","0.33"
"10-23-2024 18:00","1729706402","0.33"
"10-23-2024 19:00","1729710002","0.33"
"10-23-2024 20:00","1729713602","0.33"
"10-23-2024 21:00","1729717202","0.35"
"10-23-2024 22:00","1729720803","0.35"
"10-23-2024 23:00","1729724403","0.335"
"10-24-2024 00:00","1729728003","0.335"
"10-24-2024 01:00","1729731603","0.335"
"10-24-2024 02:00","1729735202","0.335"
"10-24-2024 03:00","1729738802","0.335"
"10-24-2024 04:00","1729742403","0.335"
"10-24-2024 05:00","1729746002","0.335"
"10-24-2024 06:00","1729749602","0.335"
"10-24-2024 07:00","1729753202","0.335"
"10-24-2024 08:00","1729756802","0.335"
"10-24-2024 09:00","1729760402","0.335"
"10-24-2024 10:00","1729764002","0.335"
"10-24-2024 11:00","1729767602","0.335"
"10-24-2024 12:00","1729771202","0.335"
"10-24-2024 13:00","1729774802","0.335"
"10-24-2024 14:00","1729778402","0.335"
"10-24-2024 15:00","1729782003","0.335"
"10-24-2024 16:00","1729785603","0.335"
"10-24-2024 17:00","1729789202","0.335"
"10-24-2024 18:00","1729792802","0.355"
"10-24-2024 19:00","1729796402","0.365"
"10-24-2024 20:00","1729800002","0.365"
"10-24-2024 21:00","1729803602","0.37"
"10-24-2024 22:00","1729807202","0.375"
"10-24-2024 23:00","1729810802","0.365"
"10-25-2024 00:00","1729814403","0.365"
"10-25-2024 01:00","1729818003","0.37"
"10-25-2024 02:00","1729821603","0.37"
"10-25-2024 03:00","1729825204","0.37"
"10-25-2024 04:00","1729828803","0.375"
"10-25-2024 05:00","1729832403","0.36"
"10-25-2024 06:00","1729836003","0.36"
"10-25-2024 07:00","1729839602","0.365"
"10-25-2024 08:00","1729843202","0.36"
"10-25-2024 09:00","1729846802","0.36"
"10-25-2024 10:00","1729850402","0.36"
"10-25-2024 11:00","1729854002","0.36"
"10-25-2024 12:00","1729857603","0.36"
"10-25-2024 13:00","1729861203","0.345"
"10-25-2024 14:00","1729864802","0.34"
"10-25-2024 15:00","1729868403","0.335"
"10-25-2024 16:00","1729872002","0.335"
"10-25-2024 17:00","1729875602","0.34"
"10-25-2024 18:00","1729879202","0.34"
"10-25-2024 19:00","1729882802","0.34"
"10-25-2024 20:00","1729886403","0.335"
"10-25-2024 21:00","1729890003","0.335"
"10-25-2024 22:00","1729893602","0.33"
"10-25-2024 23:00","1729897202","0.325"
"10-26-2024 00:00","1729900803","0.335"
"10-26-2024 01:00","1729904403","0.33"
"10-26-2024 02:00","1729908003","0.325"
"10-26-2024 03:00","1729911602","0.325"
"10-26-2024 04:00","1729915202","0.325"
"10-26-2024 05:00","1729918803","0.325"
"10-26-2024 06:00","1729922402","0.335"
"10-26-2024 07:00","1729926003","0.34"
"10-26-2024 08:00","1729929602","0.34"
"10-26-2024 09:00","1729933203","0.355"
"10-26-2024 10:00","1729936802","0.355"
"10-26-2024 11:00","1729940402","0.35"
"10-26-2024 12:00","1729944003","0.355"
"10-26-2024 13:00","1729947602","0.355"
"10-26-2024 14:00","1729951203","0.355"
"10-26-2024 15:00","1729954803","0.355"
"10-26-2024 16:00","1729958402","0.355"
"10-26-2024 17:00","1729962003","0.355"
"10-26-2024 18:00","1729965603","0.355"
"10-26-2024 19:00","1729969203","0.355"
"10-26-2024 20:00","1729972802","0.36"
"10-26-2024 21:00","1729976403","0.36"
"10-26-2024 22:00","1729980002","0.36"
"10-26-2024 23:00","1729983602","0.36"
"10-27-2024 00:00","1729987203","0.36"
"10-27-2024 00:00","1729987202","0.36"
"10-27-2024 02:00","1729994402","0.36"
"10-27-2024 03:00","1729998002","0.36"
"10-27-2024 04:00","1730001602","0.36"
"10-27-2024 05:00","1730005202","0.36"
"10-27-2024 06:00","1730008803","0.36"
"10-27-2024 07:00","1730012402","0.36"
"10-27-2024 08:00","1730016003","0.36"
"10-27-2024 09:00","1730019602","0.36"
"10-27-2024 10:00","1730023202","0.36"
"10-27-2024 11:00","1730026802","0.36"
"10-27-2024 12:00","1730030402","0.36"
"10-27-2024 13:00","1730034002","0.36"
"10-27-2024 14:00","1730037602","0.36"
"10-27-2024 15:00","1730041203","0.36"
"10-27-2024 16:00","1730044802","0.36"
"10-27-2024 17:00","1730048402","0.39"
"10-27-2024 18:00","1730052002","0.545"
"10-27-2024 19:00","1730055602","0.49"
"10-27-2024 20:00","1730059202","0.48"
"10-27-2024 21:00","1730062802","0.465"
"10-27-2024 22:00","1730066403","0.425"
"10-27-2024 23:00","1730070002","0.43"
"10-28-2024 00:00","1730073603","0.435"
"10-28-2024 01:00","1730077202","0.435"
"10-28-2024 02:00","1730080803","0.43"
"10-28-2024 03:00","1730084403","0.43"
"10-28-2024 04:00","1730088003","0.43"
"10-28-2024 05:00","1730091604","0.43"
"10-28-2024 06:00","1730095203","0.43"
"10-28-2024 07:00","1730098804","0.425"
"10-28-2024 08:00","1730102403","0.42"
"10-28-2024 09:00","1730106002","0.42"
"10-28-2024 10:00","1730109603","0.42"
"10-28-2024 11:00","1730113203","0.42"
"10-28-2024 12:00","1730116802","0.42"
"10-28-2024 13:00","1730120402","0.42"
"10-28-2024 14:00","1730124002","0.42"
"10-28-2024 15:00","1730127602","0.42"
"10-28-2024 16:00","1730131202","0.425"
"10-28-2024 17:00","1730134802","0.435"
"10-28-2024 18:00","1730138402","0.415"
"10-28-2024 19:00","1730142002","0.43"
"10-28-2024 20:00","1730145603","0.44"
"10-28-2024 21:00","1730149202","0.44"
"10-28-2024 22:00","1730152803","0.445"
"10-28-2024 23:00","1730156403","0.445"
"10-29-2024 00:00","1730160002","0.445"
"10-29-2024 01:00","1730163602","0.445"
"10-29-2024 02:00","1730167202","0.445"
"10-29-2024 03:00","1730170802","0.435"
"10-29-2024 04:00","1730174403","0.435"
"10-29-2024 05:00","1730178002","0.435"
"10-29-2024 06:00","1730181604","0.435"
"10-29-2024 07:00","1730185203","0.415"
"10-29-2024 08:00","1730188803","0.41"
"10-29-2024 09:00","1730192404","0.41"
"10-29-2024 10:00","1730196003","0.41"
"10-29-2024 11:00","1730199603","0.405"
"10-29-2024 12:00","1730203203","0.405"
"10-29-2024 13:00","1730206803","0.405"
"10-29-2024 14:00","1730210403","0.395"
"10-29-2024 15:00","1730214003","0.395"
"10-29-2024 16:00","1730217603","0.37"
"10-29-2024 17:00","1730221203","0.365"
"10-29-2024 18:00","1730224803","0.365"
"10-29-2024 19:00","1730228403","0.375"
"10-29-2024 20:00","1730232003","0.385"
"10-29-2024 21:00","1730235603","0.395"
"10-29-2024 22:00","1730239203","0.395"
"10-29-2024 23:00","1730242803","0.395"
"10-30-2024 00:00","1730246403","0.395"
"10-30-2024 01:00","1730250002","0.395"
"10-30-2024 02:00","1730253603","0.395"
"10-30-2024 03:00","1730257202","0.395"
"10-30-2024 04:00","1730260802","0.395"
"10-30-2024 05:00","1730264403","0.39"
"10-30-2024 06:00","1730268002","0.4"
"10-30-2024 07:00","1730271602","0.4"
"10-30-2024 08:00","1730275202","0.4"
"10-30-2024 09:00","1730278803","0.4"
"10-30-2024 10:00","1730282403","0.405"
"10-30-2024 11:00","1730286003","0.405"
"10-30-2024 12:00","1730289603","0.4"
"10-30-2024 13:00","1730293203","0.4"
"10-30-2024 14:00","1730296802","0.4"
"10-30-2024 15:00","1730300403","0.4"
"10-30-2024 16:00","1730304002","0.435"
"10-30-2024 17:00","1730307602","0.435"
"10-30-2024 18:00","1730311202","0.43"
"10-30-2024 19:00","1730314803","0.43"
"10-30-2024 20:00","1730318402","0.435"
"10-30-2024 21:00","1730322003","0.435"
"10-30-2024 22:00","1730325602","0.44"
"10-30-2024 23:00","1730329203","0.44"
"10-31-2024 00:00","1730332803","0.43"
"10-31-2024 01:00","1730336403","0.43"
"10-31-2024 02:00","1730340003","0.43"
"10-31-2024 03:00","1730343603","0.425"
"10-31-2024 04:00","1730347203","0.415"
"10-31-2024 05:00","1730350803","0.415"
"10-31-2024 06:00","1730354403","0.415"
"10-31-2024 07:00","1730358003","0.42"
"10-31-2024 08:00","1730361603","0.42"
"10-31-2024 09:00","1730365203","0.415"
"10-31-2024 10:00","1730368803","0.425"
"10-31-2024 11:00","1730372402","0.405"
"10-31-2024 12:00","1730376003","0.38"
"10-31-2024 13:00","1730379602","0.39"
"10-31-2024 14:00","1730383203","0.39"
"10-31-2024 15:00","1730386803","0.395"
"10-31-2024 16:00","1730390403","0.39"
"10-31-2024 17:00","1730394003","0.39"
"10-31-2024 18:00","1730397603","0.385"
"10-31-2024 19:00","1730401203","0.39"
"10-31-2024 20:00","1730404803","0.39"
"10-31-2024 21:00","1730408403","0.385"
"10-31-2024 22:00","1730412003","0.38"
"10-31-2024 23:00","1730415603","0.385"
"11-01-2024 00:00","1730419203","0.385"
"11-01-2024 01:00","1730422803","0.385"
"11-01-2024 02:00","1730426403","0.385"
"11-01-2024 03:00","1730430003","0.385"
"11-01-2024 04:00","1730433603","0.385"
"11-01-2024 05:00","1730437203","0.385"
"11-01-2024 06:00","1730440802","0.385"
"11-01-2024 07:00","1730444402","0.385"
"11-01-2024 08:00","1730448002","0.385"
"11-01-2024 09:00","1730451603","0.375"
"11-01-2024 10:00","1730455202","0.385"
"11-01-2024 11:00","1730458802","0.385"
"11-01-2024 12:00","1730462403","0.385"
"11-01-2024 13:00","1730466002","0.365"
"11-01-2024 14:00","1730469603","0.37"
"11-01-2024 15:00","1730473203","0.37"
"11-01-2024 16:00","1730476803","0.37"
"11-01-2024 17:00","1730480403","0.37"
"11-01-2024 18:00","1730484003","0.36"
"11-01-2024 19:00","1730487603","0.36"
"11-01-2024 20:00","1730491227","0.36"
"11-01-2024 21:00","1730494803","0.36"
"11-01-2024 22:00","1730498403","0.36"
"11-01-2024 23:00","1730502003","0.36"
"11-02-2024 00:00","1730505603","0.345"
"11-02-2024 01:00","1730509203","0.34"
"11-02-2024 02:00","1730512803","0.34"
"11-02-2024 03:00","1730516403","0.34"
"11-02-2024 04:00","1730520003","0.335"
"11-02-2024 05:00","1730523603","0.335"
"11-02-2024 06:00","1730527203","0.335"
"11-02-2024 07:00","1730530803","0.335"
"11-02-2024 08:00","1730534403","0.335"
"11-02-2024 09:00","1730538003","0.335"
"11-02-2024 10:00","1730541603","0.335"
"11-02-2024 11:00","1730545203","0.335"
"11-02-2024 12:00","1730548803","0.335"
"11-02-2024 13:00","1730552403","0.335"
"11-02-2024 14:00","1730556003","0.335"
"11-02-2024 15:00","1730559602","0.335"
"11-02-2024 16:00","1730563202","0.335"
"11-02-2024 17:00","1730566803","0.335"
"11-02-2024 18:00","1730570402","0.335"
"11-02-2024 19:00","1730574003","0.335"
"11-02-2024 20:00","1730577603","0.335"
"11-02-2024 21:00","1730581203","0.39"
"11-02-2024 22:00","1730584803","0.355"
"11-02-2024 23:00","1730588403","0.355"
"11-03-2024 00:00","1730592003","0.355"
"11-03-2024 01:00","1730595603","0.355"
"11-03-2024 02:00","1730599203","0.35"
"11-03-2024 03:00","1730602803","0.35"
"11-03-2024 04:00","1730606403","0.35"
"11-03-2024 05:00","1730610003","0.35"
"11-03-2024 06:00","1730613603","0.35"
"11-03-2024 07:00","1730617203","0.35"
"11-03-2024 08:00","1730620802","0.35"
"11-03-2024 09:00","1730624403","0.35"
"11-03-2024 10:00","1730628003","0.355"
"11-03-2024 11:00","1730631603","0.355"
"11-03-2024 12:00","1730635203","0.345"
"11-03-2024 13:00","1730638802","0.34"
"11-03-2024 14:00","1730642403","0.34"
"11-03-2024 15:00","1730646003","0.34"
"11-03-2024 16:00","1730649603","0.34"
"11-03-2024 17:00","1730653203","0.34"
"11-03-2024 18:00","1730656803","0.34"
"11-03-2024 19:00","1730660403","0.335"
"11-03-2024 20:00","1730664003","0.345"
"11-03-2024 21:00","1730667603","0.35"
"11-03-2024 22:00","1730671203","0.345"
"11-03-2024 23:00","1730674803","0.34"
"11-04-2024 00:00","1730678403","0.34"
"11-04-2024 01:00","1730682003","0.34"
"11-04-2024 02:00","1730685603","0.34"
"11-04-2024 03:00","1730689202","0.34"
"11-04-2024 04:00","1730692803","0.34"
"11-04-2024 05:00","1730696402","0.34"
"11-04-2024 06:00","1730700003","0.34"
"11-04-2024 07:00","1730703603","0.34"
"11-04-2024 08:00","1730707203","0.34"
"11-04-2024 09:00","1730710802","0.34"
"11-04-2024 10:00","1730714403","0.34"
"11-04-2024 11:00","1730718003","0.34"
"11-04-2024 12:00","1730721603","0.34"
"11-04-2024 13:00","1730725203","0.34"
"11-04-2024 14:00","1730728804","0.335"
"11-04-2024 15:00","1730732403","0.335"
"11-04-2024 16:00","1730736003","0.325"
"11-04-2024 17:00","1730739604","0.325"
"11-04-2024 18:00","1730743203","0.325"
"11-04-2024 19:00","1730746804","0.325"
"11-04-2024 20:00","1730750402","0.325"
"11-04-2024 21:00","1730754002","0.325"
"11-04-2024 22:00","1730757602","0.325"
"11-04-2024 23:00","1730761202","0.325"
"11-05-2024 00:00","1730764802","0.325"
"11-05-2024 01:00","1730768402","0.32"
"11-05-2024 02:00","1730772002","0.32"
"11-05-2024 03:00","1730775602","0.32"
"11-05-2024 04:00","1730779202","0.32"
"11-05-2024 05:00","1730782802","0.32"
"11-05-2024 06:00","1730786402","0.32"
"11-05-2024 07:00","1730790002","0.32"
"11-05-2024 08:00","1730793602","0.32"
"11-05-2024 09:00","1730797202","0.32"
"11-05-2024 10:00","1730800802","0.32"
"11-05-2024 11:00","1730804402","0.32"
"11-05-2024 12:00","1730808002","0.32"
"11-05-2024 13:00","1730811602","0.32"
"11-05-2024 14:00","1730815202","0.315"
"11-05-2024 15:00","1730818802","0.31"
"11-05-2024 16:00","1730822402","0.31"
"11-05-2024 17:00","1730826002","0.31"
"11-05-2024 18:00","1730829602","0.31"
"11-05-2024 19:00","1730833202","0.305"
"11-05-2024 20:00","1730836803","0.31"
"11-05-2024 21:00","1730840402","0.31"
"11-05-2024 23:00","1730847602","0.28"
"11-06-2024 00:00","1730851202","0.28"
"11-06-2024 01:00","1730854802","0.28"
"11-06-2024 02:00","1730858402","0.28"
"11-06-2024 03:00","1730862002","0.28"
"11-06-2024 04:00","1730865603","0.28"
"11-06-2024 05:00","1730869203","0.28"
"11-06-2024 06:00","1730872802","0.255"
"11-06-2024 07:00","1730876402","0.255"
"11-06-2024 08:00","1730880003","0.27"
"11-06-2024 09:00","1730883602","0.26"
"11-06-2024 10:00","1730887202","0.305"
"11-06-2024 11:00","1730890802","0.275"
"11-06-2024 12:00","1730894403","0.275"
"11-06-2024 13:00","1730898002","0.29"
"11-06-2024 14:00","1730901603","0.29"
"11-06-2024 15:00","1730905202","0.29"
"11-06-2024 16:00","1730908802","0.295"
"11-06-2024 17:00","1730912402","0.22"
"11-06-2024 18:00","1730916002","0.235"
"11-06-2024 19:00","1730919602","0.235"
"11-06-2024 20:00","1730923202","0.235"
"11-06-2024 21:00","1730926802","0.24"
"11-06-2024 22:00","1730930402","0.235"
"11-06-2024 23:00","1730934003","0.22"
"11-07-2024 00:00","1730937603","0.25"
"11-07-2024 01:00","1730941203","0.2"
"11-07-2024 02:00","1730944802","0.2"
"11-07-2024 03:00","1730948402","0.2"
"11-07-2024 04:00","1730952002","0.21"
"11-07-2024 05:00","1730955602","0.22"
"11-07-2024 06:00","1730959202","0.2"
"11-07-2024 07:00","1730962802","0.205"
"11-07-2024 08:00","1730966402","0.195"
"11-07-2024 09:00","1730970002","0.225"
"11-07-2024 10:00","1730973602","0.24"
"11-07-2024 11:00","1730977202","0.24"
"11-07-2024 12:00","1730980802","0.24"
"11-07-2024 13:00","1730984402","0.24"
"11-07-2024 14:00","1730988002","0.24"
"11-07-2024 15:00","1730991602","0.235"
"11-07-2024 16:00","1730995202","0.24"
"11-07-2024 17:00","1730998802","0.21"
"11-07-2024 18:00","1731002403","0.21"
"11-07-2024 19:00","1731006002","0.215"
"11-07-2024 20:00","1731009602","0.215"
"11-07-2024 21:00","1731013202","0.215"
"11-07-2024 22:00","1731016802","0.215"
"11-07-2024 23:00","1731020402","0.215"
"11-08-2024 00:00","1731024002","0.215"
"11-08-2024 01:00","1731027603","0.215"
"11-08-2024 02:00","1731031202","0.215"
"11-08-2024 03:00","1731034802","0.215"
"11-08-2024 04:00","1731038402","0.215"
"11-08-2024 05:00","1731042002","0.215"
"11-08-2024 06:00","1731045602","0.215"
"11-08-2024 07:00","1731049202","0.215"
"11-08-2024 08:00","1731052802","0.215"
"11-08-2024 09:00","1731056403","0.215"
"11-08-2024 10:00","1731060002","0.215"
"11-08-2024 11:00","1731063602","0.215"
"11-08-2024 12:00","1731067203","0.215"
"11-08-2024 13:00","1731070802","0.215"
"11-08-2024 14:00","1731074402","0.215"
"11-08-2024 15:00","1731078003","0.215"
"11-08-2024 16:00","1731081602","0.18"
"11-08-2024 17:00","1731085202","0.19"
"11-08-2024 18:00","1731088803","0.19"
"11-08-2024 19:00","1731092402","0.19"
"11-08-2024 20:00","1731096003","0.2"
"11-08-2024 21:00","1731099602","0.2"
"11-08-2024 22:00","1731103202","0.2"
"11-08-2024 23:00","1731106802","0.2"
"11-09-2024 00:00","1731110403","0.2"
"11-09-2024 01:00","1731114002","0.2"
"11-09-2024 02:00","1731117603","0.2"
"11-09-2024 03:00","1731121202","0.2"
"11-09-2024 04:00","1731124803","0.2"
"11-09-2024 05:00","1731128403","0.2"
"11-09-2024 06:00","1731132003","0.2"
"11-09-2024 07:00","1731135603","0.2"
"11-09-2024 08:00","1731139202","0.195"
"11-09-2024 09:00","1731142802","0.195"
"11-09-2024 10:00","1731146403","0.195"
"11-09-2024 11:00","1731150002","0.195"
"11-09-2024 12:00","1731153602","0.185"
"11-09-2024 13:00","1731157202","0.185"
"11-09-2024 14:00","1731160802","0.185"
"11-09-2024 15:00","1731164402","0.185"
"11-09-2024 16:00","1731168003","0.165"
"11-09-2024 17:00","1731171603","0.175"
"11-09-2024 18:00","1731175202","0.175"
"11-09-2024 19:00","1731178803","0.175"
"11-09-2024 20:00","1731182402","0.165"
"11-09-2024 21:00","1731186002","0.165"
"11-09-2024 22:00","1731189602","0.165"
"11-09-2024 23:00","1731193202","0.175"
"11-10-2024 00:00","1731196802","0.175"
"11-10-2024 01:00","1731200402","0.175"
"11-10-2024 02:00","1731204003","0.175"
"11-10-2024 03:00","1731207602","0.175"
"11-10-2024 04:00","1731211202","0.175"
"11-10-2024 05:00","1731214803","0.175"
"11-10-2024 06:00","1731218402","0.175"
"11-10-2024 07:00","1731222003","0.175"
"11-10-2024 08:00","1731225603","0.175"
"11-10-2024 09:00","1731229202","0.175"
"11-10-2024 10:00","1731232802","0.175"
"11-10-2024 11:00","1731236403","0.175"
"11-10-2024 12:00","1731240002","0.175"
"11-10-2024 13:00","1731243602","0.185"
"11-10-2024 14:00","1731247202","0.19"
"11-10-2024 15:00","1731250802","0.19"
"11-10-2024 16:00","1731254403","0.18"
"11-10-2024 17:00","1731258003","0.18"
"11-10-2024 18:00","1731261602","0.18"
"11-10-2024 19:00","1731265202","0.18"
"11-10-2024 20:00","1731268802","0.18"
"11-10-2024 21:00","1731272402","0.18"
"11-10-2024 22:00","1731276002","0.18"
"11-10-2024 23:00","1731279602","0.18"
"11-11-2024 00:00","1731283202","0.18"
"11-11-2024 01:00","1731286802","0.175"
"11-11-2024 02:00","1731290402","0.175"
"11-11-2024 03:00","1731294002","0.175"
"11-11-2024 04:00","1731297602","0.175"
"11-11-2024 05:00","1731301202","0.175"
"11-11-2024 06:00","1731304802","0.175"
"11-11-2024 07:00","1731308402","0.175"
"11-11-2024 08:00","1731312002","0.17"
"11-11-2024 09:00","1731315602","0.17"
"11-11-2024 10:00","1731319202","0.185"
"11-11-2024 11:00","1731322802","0.185"
"11-11-2024 12:00","1731326402","0.185"
"11-11-2024 13:00","1731330002","0.19"
"11-11-2024 14:00","1731333602","0.175"
"11-11-2024 15:00","1731337202","0.175"
"11-11-2024 16:00","1731340802","0.175"
"11-11-2024 17:00","1731344402","0.175"
"11-11-2024 18:00","1731348003","0.175"
"11-11-2024 19:00","1731351602","0.17"
"11-11-2024 20:00","1731355203","0.17"
"11-11-2024 21:00","1731358802","0.17"
"11-11-2024 22:00","1731362402","0.165"
"11-11-2024 23:00","1731366002","0.165"
"11-12-2024 00:00","1731369602","0.165"
"11-12-2024 01:00","1731373202","0.15"
"11-12-2024 02:00","1731376803","0.14"
"11-12-2024 03:00","1731380403","0.14"
"11-12-2024 04:00","1731384003","0.14"
"11-12-2024 05:00","1731387602","0.15"
"11-12-2024 06:00","1731391203","0.15"
"11-12-2024 07:00","1731394803","0.15"
"11-12-2024 08:00","1731398403","0.15"
"11-12-2024 09:00","1731402002","0.15"
"11-12-2024 10:00","1731405603","0.155"
"11-12-2024 11:00","1731409203","0.155"
"11-12-2024 12:00","1731412803","0.155"
"11-12-2024 13:00","1731416403","0.155"
"11-12-2024 14:00","1731420002","0.155"
"11-12-2024 15:00","1731423603","0.175"
"11-12-2024 16:00","1731427203","0.175"
"11-12-2024 17:00","1731430802","0.175"
"11-12-2024 18:00","1731434403","0.16"
"11-12-2024 19:00","1731438003","0.16"
"11-12-2024 20:00","1731441603","0.165"
"11-12-2024 21:00","1731445203","0.155"
"11-12-2024 22:00","1731448803","0.155"
"11-12-2024 23:00","1731452403","0.155"
"11-13-2024 00:00","1731456003","0.155"
"11-13-2024 01:00","1731459603","0.155"
"11-13-2024 02:00","1731463203","0.155"
"11-13-2024 03:00","1731466803","0.155"
"11-13-2024 04:00","1731470403","0.15"
"11-13-2024 05:00","1731474003","0.15"
"11-13-2024 06:00","1731477603","0.15"
"11-13-2024 07:00","1731481203","0.155"
"11-13-2024 08:00","1731484803","0.155"
"11-13-2024 09:00","1731488402","0.135"
"11-13-2024 10:00","1731492003","0.135"
"11-13-2024 11:00","1731495603","0.13"
"11-13-2024 12:00","1731499202","0.13"
"11-13-2024 13:00","1731502802","0.13"
"11-13-2024 14:00","1731506402","0.125"
"11-13-2024 15:00","1731510002","0.125"
"11-13-2024 16:00","1731513603","0.125"
"11-13-2024 17:00","1731517203","0.125"
"11-13-2024 18:00","1731520803","0.125"
"11-13-2024 19:00","1731524403","0.125"
"11-13-2024 20:00","1731528003","0.13"
"11-13-2024 21:00","1731531603","0.13"
"11-13-2024 22:00","1731535203","0.13"
"11-13-2024 23:00","1731538803","0.13"
"11-14-2024 00:00","1731542403","0.135"
"11-14-2024 01:00","1731546003","0.135"
"11-14-2024 02:00","1731549603","0.135"
"11-14-2024 03:00","1731553203","0.135"
"11-14-2024 04:00","1731556803","0.135"
"11-14-2024 05:00","1731560402","0.135"
"11-14-2024 06:00","1731564002","0.135"
"11-14-2024 07:00","1731567603","0.135"
"11-14-2024 08:00","1731571203","0.135"
"11-14-2024 09:00","1731574803","0.135"
"11-14-2024 10:00","1731578403","0.135"
"11-14-2024 11:00","1731582003","0.135"
"11-14-2024 12:00","1731585602","0.135"
"11-14-2024 13:00","1731589203","0.135"
"11-14-2024 14:00","1731592803","0.135"
"11-14-2024 15:00","1731596403","0.135"
"11-14-2024 16:00","1731600003","0.135"
"11-14-2024 17:00","1731603603","0.135"
"11-14-2024 18:00","1731607203","0.135"
"11-14-2024 19:00","1731610803","0.135"
"11-14-2024 20:00","1731614403","0.135"
"11-14-2024 21:00","1731618003","0.135"
"11-14-2024 22:00","1731621603","0.135"
"11-14-2024 23:00","1731625203","0.135"
"11-15-2024 00:00","1731628803","0.135"
"11-15-2024 01:00","1731632403","0.135"
"11-15-2024 02:00","1731636003","0.135"
"11-15-2024 03:00","1731639603","0.135"
"11-15-2024 04:00","1731643203","0.135"
"11-15-2024 05:00","1731646802","0.135"
"11-15-2024 06:00","1731650402","0.135"
"11-15-2024 07:00","1731654003","0.135"
"11-15-2024 08:00","1731657603","0.14"
"11-15-2024 09:00","1731661203","0.14"
"11-15-2024 10:00","1731664804","0.14"
"11-15-2024 11:00","1731668402","0.14"
"11-15-2024 12:00","1731672002","0.14"
"11-15-2024 13:00","1731675603","0.14"
"11-15-2024 14:00","1731679204","0.14"
"11-15-2024 15:00","1731682803","0.14"
"11-15-2024 16:00","1731686403","0.14"
"11-15-2024 17:00","1731690003","0.14"
"11-15-2024 18:00","1731693603","0.14"
"11-15-2024 19:00","1731697203","0.14"
"11-15-2024 20:00","1731700803","0.14"
"11-15-2024 21:00","1731704403","0.135"
"11-15-2024 22:00","1731708003","0.14"
"11-15-2024 23:00","1731711603","0.14"
"11-16-2024 00:00","1731715203","0.14"
"11-16-2024 01:00","1731718803","0.14"
"11-16-2024 02:00","1731722403","0.14"
"11-16-2024 03:00","1731726003","0.14"
"11-16-2024 04:00","1731729603","0.14"
"11-16-2024 05:00","1731733203","0.14"
"11-16-2024 06:00","1731736803","0.145"
"11-16-2024 07:00","1731740403","0.145"
"11-16-2024 08:00","1731744002","0.145"
"11-16-2024 09:00","1731747603","0.145"
"11-16-2024 10:00","1731751202","0.145"
"11-16-2024 11:00","1731754803","0.145"
"11-16-2024 12:00","1731758403","0.145"
"11-16-2024 13:00","1731762002","0.145"
"11-16-2024 14:00","1731765603","0.145"
"11-16-2024 15:00","1731769203","0.145"
"11-16-2024 16:00","1731772802","0.145"
"11-16-2024 17:00","1731776403","0.145"
"11-16-2024 18:00","1731780003","0.145"
"11-16-2024 19:00","1731783603","0.145"
"11-16-2024 20:00","1731787203","0.14"
"11-16-2024 21:00","1731790803","0.14"
"11-16-2024 22:00","1731794403","0.14"
"11-16-2024 23:00","1731798002","0.14"
"11-17-2024 00:00","1731801603","0.14"
"11-17-2024 01:00","1731805203","0.14"
"11-17-2024 02:00","1731808803","0.14"
"11-17-2024 03:00","1731812403","0.14"
"11-17-2024 04:00","1731816003","0.14"
"11-17-2024 05:00","1731819602","0.14"
"11-17-2024 06:00","1731823203","0.14"
"11-17-2024 07:00","1731826803","0.14"
"11-17-2024 08:00","1731830403","0.14"
"11-17-2024 09:00","1731834003","0.14"
"11-17-2024 10:00","1731837602","0.14"
"11-17-2024 11:00","1731841203","0.14"
"11-17-2024 12:00","1731844803","0.14"
"11-17-2024 13:00","1731848403","0.17"
"11-17-2024 14:00","1731852003","0.175"
"11-17-2024 15:00","1731855603","0.175"
"11-17-2024 16:00","1731859203","0.17"
"11-17-2024 17:00","1731862803","0.175"
"11-17-2024 18:00","1731866402","0.175"
"11-17-2024 19:00","1731870002","0.175"
"11-17-2024 20:00","1731873603","0.175"
"11-17-2024 21:00","1731877203","0.175"
"11-17-2024 22:00","1731880802","0.175"
"11-17-2024 23:00","1731884403","0.175"
"11-18-2024 00:00","1731888003","0.175"
"11-18-2024 01:00","1731891603","0.175"
"11-18-2024 02:00","1731895203","0.175"
"11-18-2024 03:00","1731898803","0.175"
"11-18-2024 04:00","1731902403","0.175"
"11-18-2024 05:00","1731906003","0.175"
"11-18-2024 06:00","1731909602","0.185"
"11-18-2024 07:00","1731913203","0.185"
"11-18-2024 08:00","1731916803","0.205"
"11-18-2024 09:00","1731920403","0.21"
"11-18-2024 10:00","1731924003","0.21"
"11-18-2024 11:00","1731927603","0.225"
"11-18-2024 12:00","1731931203","0.205"
"11-18-2024 13:00","1731934803","0.205"
"11-18-2024 14:00","1731938403","0.195"
"11-18-2024 15:00","1731942003","0.195"
"11-18-2024 16:00","1731945603","0.19"
"11-18-2024 17:00","1731949203","0.19"
"11-18-2024 18:00","1731952803","0.19"
"11-18-2024 19:00","1731956403","0.205"
"11-18-2024 20:00","1731960003","0.205"
"11-18-2024 21:00","1731963603","0.205"
"11-18-2024 22:00","1731967203","0.205"
"11-18-2024 23:00","1731970803","0.195"
"11-19-2024 00:00","1731974403","0.195"
"11-19-2024 01:00","1731978003","0.195"
"11-19-2024 02:00","1731981603","0.205"
"11-19-2024 03:00","1731985203","0.205"
"11-19-2024 04:00","1731988803","0.205"
"11-19-2024 05:00","1731992403","0.205"
"11-19-2024 06:00","1731996003","0.205"
"11-19-2024 07:00","1731999603","0.205"
"11-19-2024 08:00","1732003203","0.205"
"11-19-2024 09:00","1732006803","0.205"
"11-19-2024 10:00","1732010403","0.205"
"11-19-2024 11:00","1732014003","0.205"
"11-19-2024 12:00","1732017603","0.175"
"11-19-2024 13:00","1732021203","0.175"
"11-19-2024 14:00","1732024803","0.175"
"11-19-2024 15:00","1732028403","0.175"
"11-19-2024 16:00","1732032003","0.175"
"11-19-2024 17:00","1732035603","0.165"
"11-19-2024 18:00","1732039203","0.165"
"11-19-2024 19:00","1732042803","0.165"
"11-19-2024 20:00","1732046403","0.175"
"11-19-2024 21:00","1732050003","0.175"
"11-19-2024 22:00","1732053603","0.165"
"11-19-2024 23:00","1732057203","0.16"
"11-20-2024 00:00","1732060803","0.155"
"11-20-2024 01:00","1732064403","0.155"
"11-20-2024 02:00","1732068003","0.155"
"11-20-2024 03:00","1732071603","0.155"
"11-20-2024 04:00","1732075203","0.155"
"11-20-2024 05:00","1732078803","0.155"
"11-20-2024 06:00","1732082403","0.155"
"11-20-2024 07:00","1732086003","0.155"
"11-20-2024 08:00","1732089603","0.155"
"11-20-2024 09:00","1732093203","0.155"
"11-20-2024 10:00","1732096803","0.155"
"11-20-2024 11:00","1732100403","0.155"
"11-20-2024 12:00","1732104003","0.145"
"11-20-2024 13:00","1732107603","0.13"
"11-20-2024 14:00","1732111202","0.13"
"11-20-2024 15:00","1732114803","0.13"
"11-20-2024 16:00","1732118403","0.13"
"11-20-2024 17:00","1732122003","0.125"
"11-20-2024 18:00","1732125603","0.125"
"11-20-2024 19:00","1732129203","0.13"
"11-20-2024 20:00","1732132803","0.13"
"11-20-2024 21:00","1732136403","0.13"
"11-20-2024 22:00","1732140003","0.125"
"11-20-2024 23:00","1732143603","0.125"
"11-21-2024 00:00","1732147203","0.125"
"11-21-2024 01:00","1732150803","0.125"
"11-21-2024 02:00","1732154403","0.125"
"11-21-2024 03:00","1732158004","0.125"
"11-21-2024 04:00","1732161603","0.135"
"11-21-2024 05:00","1732165203","0.135"
"11-21-2024 06:00","1732168803","0.135"
"11-21-2024 07:00","1732172403","0.135"
"11-21-2024 08:00","1732176003","0.135"
"11-21-2024 09:00","1732179603","0.135"
"11-21-2024 10:00","1732183203","0.135"
"11-21-2024 11:00","1732186803","0.135"
"11-21-2024 12:00","1732190403","0.14"
"11-21-2024 13:00","1732194003","0.125"
"11-21-2024 14:00","1732197603","0.125"
"11-21-2024 15:00","1732201203","0.18"
"11-21-2024 16:00","1732204803","0.205"
"11-21-2024 17:00","1732208403","0.19"
"11-21-2024 18:00","1732212003","0.19"
"11-21-2024 19:00","1732215603","0.19"
"11-21-2024 20:00","1732219204","0.23"
"11-21-2024 21:00","1732222803","0.155"
"11-21-2024 22:00","1732226403","0.155"
"11-21-2024 23:00","1732230002","0.155"
"11-22-2024 00:00","1732233603","0.155"
"11-22-2024 01:00","1732237203","0.155"
"11-22-2024 02:00","1732240803","0.155"
"11-22-2024 03:00","1732244403","0.155"
"11-22-2024 04:00","1732248003","0.185"
"11-22-2024 05:00","1732251603","0.195"
"11-22-2024 06:00","1732255203","0.18"
"11-22-2024 07:00","1732258803","0.17"
"11-22-2024 08:00","1732262403","0.175"
"11-22-2024 09:00","1732266003","0.175"
"11-22-2024 10:00","1732269603","0.175"
"11-22-2024 11:00","1732273203","0.165"
"11-22-2024 12:00","1732276803","0.165"
"11-22-2024 13:00","1732280403","0.155"
"11-22-2024 14:00","1732284003","0.155"
"11-22-2024 15:00","1732287603","0.155"
"11-22-2024 16:00","1732291203","0.155"
"11-22-2024 17:00","1732294803","0.16"
"11-22-2024 18:00","1732298403","0.16"
"11-22-2024 19:00","1732302003","0.16"
"11-22-2024 20:00","1732305603","0.15"
"11-22-2024 21:00","1732309203","0.145"
"11-22-2024 22:00","1732312803","0.145"
"11-22-2024 23:00","1732316403","0.14"
"11-23-2024 00:00","1732320004","0.13"
"11-23-2024 01:00","1732323603","0.13"
"11-23-2024 02:00","1732327203","0.13"
"11-23-2024 03:00","1732330804","0.13"
"11-23-2024 04:00","1732334403","0.13"
"11-23-2024 05:00","1732338003","0.13"
"11-23-2024 06:00","1732341603","0.13"
"11-23-2024 07:00","1732345203","0.13"
"11-23-2024 08:00","1732348803","0.13"
"11-23-2024 09:00","1732352403","0.13"
"11-23-2024 10:00","1732356004","0.13"
"11-23-2024 11:00","1732359603","0.13"
"11-23-2024 12:00","1732363203","0.13"
"11-23-2024 13:00","1732366803","0.13"
"11-23-2024 14:00","1732370404","0.135"
"11-23-2024 15:00","1732374003","0.135"
"11-23-2024 16:00","1732377602","0.13"
"11-23-2024 17:00","1732381203","0.13"
"11-23-2024 18:00","1732384803","0.13"
"11-23-2024 19:00","1732388403","0.13"
"11-23-2024 20:00","1732392003","0.13"
"11-23-2024 21:00","1732395603","0.13"
"11-23-2024 22:00","1732399203","0.13"
"11-23-2024 23:00","1732402803","0.13"
"11-24-2024 00:00","1732406403","0.13"
"11-24-2024 01:00","1732410003","0.13"
"11-24-2024 02:00","1732413604","0.135"
"11-24-2024 03:00","1732417203","0.135"
"11-24-2024 04:00","1732420804","0.135"
"11-24-2024 05:00","1732424403","0.135"
"11-24-2024 06:00","1732428003","0.14"
"11-24-2024 07:00","1732431603","0.13"
"11-24-2024 08:00","1732435203","0.13"
"11-24-2024 09:00","1732438803","0.125"
"11-24-2024 10:00","1732442404","0.125"
"11-24-2024 11:00","1732446003","0.125"
"11-24-2024 12:00","1732449603","0.125"
"11-24-2024 13:00","1732453203","0.125"
"11-24-2024 14:00","1732456804","0.125"
"11-24-2024 15:00","1732460403","0.125"
"11-24-2024 16:00","1732464003","0.125"
"11-24-2024 17:00","1732467603","0.13"
"11-24-2024 18:00","1732471204","0.13"
"11-24-2024 19:00","1732474802","0.13"
"11-24-2024 20:00","1732478403","0.12"
"11-24-2024 21:00","1732482003","0.145"
"11-24-2024 22:00","1732485603","0.14"
"11-24-2024 23:00","1732489203","0.125"
"11-25-2024 00:00","1732492803","0.125"
"11-25-2024 01:00","1732496403","0.125"
"11-25-2024 02:00","1732500003","0.125"
"11-25-2024 03:00","1732503603","0.125"
"11-25-2024 04:00","1732507203","0.125"
"11-25-2024 05:00","1732510804","0.125"
"11-25-2024 06:00","1732514403","0.125"
"11-25-2024 07:00","1732518003","0.125"
"11-25-2024 08:00","1732521603","0.12"
"11-25-2024 09:00","1732525203","0.12"
"11-25-2024 10:00","1732528803","0.12"
"11-25-2024 11:00","1732532403","0.12"
"11-25-2024 12:00","1732536003","0.12"
"11-25-2024 13:00","1732539603","0.13"
"11-25-2024 14:00","1732543203","0.14"
"11-25-2024 15:00","1732546804","0.12"
"11-25-2024 16:00","1732550403","0.165"
"11-25-2024 17:00","1732554003","0.155"
"11-25-2024 18:00","1732557603","0.16"
"11-25-2024 19:00","1732561203","0.175"
"11-25-2024 20:00","1732564803","0.16"
"11-25-2024 21:00","1732568403","0.18"
"11-25-2024 22:00","1732572003","0.19"
"11-25-2024 23:00","1732575603","0.175"
"11-26-2024 00:00","1732579204","0.175"
"11-26-2024 01:00","1732582804","0.18"
"11-26-2024 02:00","1732586403","0.18"
"11-26-2024 03:00","1732590004","0.18"
"11-26-2024 04:00","1732593604","0.18"
"11-26-2024 05:00","1732597204","0.185"
"11-26-2024 06:00","1732600803","0.17"
"11-26-2024 07:00","1732604403","0.17"
"11-26-2024 08:00","1732608003","0.245"
"11-26-2024 09:00","1732611603","0.24"
"11-26-2024 10:00","1732615203","0.24"
"11-26-2024 11:00","1732618804","0.24"
"11-26-2024 12:00","1732622404","0.245"
"11-26-2024 13:00","1732626003","0.265"
"11-26-2024 14:00","1732629603","0.265"
"11-26-2024 15:00","1732633203","0.27"
"11-26-2024 16:00","1732636803","0.29"
"11-26-2024 17:00","1732640403","0.315"
"11-26-2024 18:00","1732644003","0.24"
"11-26-2024 19:00","1732647603","0.305"
"11-26-2024 20:00","1732651203","0.295"
"11-26-2024 21:00","1732654803","0.305"
"11-26-2024 22:00","1732658403","0.28"
"11-26-2024 23:00","1732662003","0.275"
"11-27-2024 00:00","1732665603","0.27"
"11-27-2024 01:00","1732669203","0.27"
"11-27-2024 02:00","1732672804","0.27"
"11-27-2024 03:00","1732676404","0.27"
"11-27-2024 04:00","1732680003","0.25"
"11-27-2024 05:00","1732683603","0.26"
"11-27-2024 06:00","1732687203","0.265"
"11-27-2024 07:00","1732690803","0.35"
"11-27-2024 08:00","1732694404","0.34"
"11-27-2024 09:00","1732698003","0.34"
"11-27-2024 10:00","1732701603","0.325"
"11-27-2024 11:00","1732705203","0.365"
"11-27-2024 12:00","1732708804","0.345"
"11-27-2024 13:00","1732712403","0.35"
"11-27-2024 14:00","1732716003","0.335"
"11-27-2024 15:00","1732719603","0.335"
"11-27-2024 16:00","1732723203","0.34"
"11-27-2024 17:00","1732726803","0.315"
"11-27-2024 18:00","1732730403","0.29"
"11-27-2024 19:00","1732734003","0.315"
"11-27-2024 20:00","1732737603","0.28"
"11-27-2024 21:00","1732741203","0.28"
"11-27-2024 22:00","1732744803","0.22"
"11-27-2024 23:00","1732748404","0.26"
"11-28-2024 00:00","1732752003","0.28"
"11-28-2024 01:00","1732755603","0.285"
"11-28-2024 02:00","1732759203","0.285"
"11-28-2024 03:00","1732762804","0.26"
"11-28-2024 04:00","1732766403","0.26"
"11-28-2024 05:00","1732770003","0.27"
"11-28-2024 06:00","1732773603","0.28"
"11-28-2024 07:00","1732777203","0.26"
"11-28-2024 08:00","1732780803","0.315"
"11-28-2024 09:00","1732784403","0.345"
"11-28-2024 10:00","1732788003","0.375"
"11-28-2024 11:00","1732791603","0.38"
"11-28-2024 12:00","1732795203","0.365"
"11-28-2024 13:00","1732798803","0.32"
"11-28-2024 14:00","1732802403","0.31"
"11-28-2024 15:00","1732806003","0.315"
"11-28-2024 16:00","1732809603","0.325"
"11-28-2024 17:00","1732813203","0.345"
"11-28-2024 18:00","1732816803","0.335"
"11-28-2024 19:00","1732820403","0.345"
"11-28-2024 20:00","1732824004","0.345"
"11-28-2024 21:00","1732827603","0.34"
"11-28-2024 22:00","1732831204","0.335"
"11-28-2024 23:00","1732834803","0.3"
"11-29-2024 00:00","1732838404","0.3"
"11-29-2024 01:00","1732842004","0.3"
"11-29-2024 02:00","1732845603","0.295"
"11-29-2024 03:00","1732849203","0.285"
"11-29-2024 04:00","1732852803","0.285"
"11-29-2024 05:00","1732856403","0.3"
"11-29-2024 06:00","1732860003","0.31"
"11-29-2024 07:00","1732863603","0.305"
"11-29-2024 08:00","1732867203","0.305"
"11-29-2024 09:00","1732870803","0.31"
"11-29-2024 10:00","1732874403","0.305"
"11-29-2024 11:00","1732878003","0.305"
"11-29-2024 12:00","1732881603","0.3"
"11-29-2024 13:00","1732885203","0.285"
"11-29-2024 14:00","1732888803","0.3"
"11-29-2024 15:00","1732892403","0.305"
"11-29-2024 16:00","1732896003","0.3"
"11-29-2024 17:00","1732899603","0.3"
"11-29-2024 18:00","1732903203","0.305"
"11-29-2024 19:00","1732906803","0.325"
"11-29-2024 20:00","1732910403","0.315"
"11-29-2024 21:00","1732914003","0.325"
"11-29-2024 22:00","1732917603","0.325"
"11-29-2024 23:00","1732921203","0.34"
"11-30-2024 00:00","1732924803","0.335"
"11-30-2024 01:00","1732928403","0.33"
"11-30-2024 02:00","1732932003","0.35"
"11-30-2024 03:00","1732935603","0.36"
"11-30-2024 04:00","1732939203","0.37"
"11-30-2024 05:00","1732942803","0.325"
"11-30-2024 06:00","1732946403","0.355"
"11-30-2024 07:00","1732950003","0.375"
"11-30-2024 08:00","1732953603","0.34"
"11-30-2024 09:00","1732957203","0.35"
"11-30-2024 10:00","1732960803","0.355"
"11-30-2024 11:00","1732964403","0.34"
"11-30-2024 12:00","1732968003","0.34"
"11-30-2024 13:00","1732971603","0.35"
"11-30-2024 14:00","1732975203","0.35"
"11-30-2024 15:00","1732978803","0.365"
"11-30-2024 16:00","1732982404","0.365"
"11-30-2024 17:00","1732986003","0.36"
"11-30-2024 18:00","1732989603","0.355"
"11-30-2024 19:00","1732993202","0.355"
"11-30-2024 20:00","1732996803","0.365"
"11-30-2024 21:00","1733000403","0.355"
"11-30-2024 22:00","1733004003","0.39"
"11-30-2024 23:00","1733007603","0.415"
"12-01-2024 00:00","1733011203","0.42"
"12-01-2024 01:00","1733014803","0.405"
"12-01-2024 02:00","1733018404","0.385"
"12-01-2024 03:00","1733022003","0.395"
"12-01-2024 04:00","1733025603","0.42"
"12-01-2024 05:00","1733029203","0.425"
"12-01-2024 06:00","1733032803","0.435"
"12-01-2024 07:00","1733036403","0.43"
"12-01-2024 08:00","1733040003","0.45"
"12-01-2024 09:00","1733043603","0.41"
"12-01-2024 10:00","1733047203","0.405"
"12-01-2024 11:00","1733050803","0.405"
"12-01-2024 12:00","1733054403","0.395"
"12-01-2024 13:00","1733058003","0.38"
"12-01-2024 14:00","1733061603","0.46"
"12-01-2024 15:00","1733065203","0.46"
"12-01-2024 16:00","1733068803","0.46"
"12-01-2024 17:00","1733072403","0.415"
"12-01-2024 18:00","1733076003","0.41"
"12-01-2024 19:00","1733079602","0.39"
"12-01-2024 20:00","1733083203","0.395"
"12-01-2024 21:00","1733086803","0.39"
"12-01-2024 22:00","1733090403","0.39"
"12-01-2024 23:00","1733094003","0.385"
"12-02-2024 00:00","1733097603","0.38"
"12-02-2024 01:00","1733101203","0.38"
"12-02-2024 02:00","1733104803","0.385"
"12-02-2024 03:00","1733108403","0.375"
"12-02-2024 04:00","1733112003","0.38"
"12-02-2024 05:00","1733115603","0.38"
"12-02-2024 06:00","1733119203","0.39"
"12-02-2024 07:00","1733122803","0.37"
"12-02-2024 08:00","1733126402","0.37"
"12-02-2024 09:00","1733130002","0.365"
"12-02-2024 10:00","1733133603","0.355"
"12-02-2024 11:00","1733137203","0.355"
"12-02-2024 12:00","1733140803","0.345"
"12-02-2024 13:00","1733144403","0.345"
"12-02-2024 14:00","1733148002","0.32"
"12-02-2024 15:00","1733151603","0.32"
"12-02-2024 16:00","1733155203","0.285"
"12-02-2024 17:00","1733158803","0.255"
"12-02-2024 18:00","1733162402","0.245"
"12-02-2024 19:00","1733166003","0.31"
"12-02-2024 20:00","1733169603","0.365"
"12-02-2024 21:00","1733173203","0.37"
"12-02-2024 22:00","1733176803","0.365"
"12-02-2024 23:00","1733180404","0.38"
"12-03-2024 00:00","1733184003","0.38"
"12-03-2024 01:00","1733187603","0.38"
"12-03-2024 02:00","1733191203","0.385"
"12-03-2024 03:00","1733194803","0.38"
"12-03-2024 04:00","1733198403","0.385"
"12-03-2024 05:00","1733202003","0.385"
"12-03-2024 06:00","1733205603","0.36"
"12-03-2024 07:00","1733209203","0.335"
"12-03-2024 08:00","1733212803","0.335"
"12-03-2024 09:00","1733216403","0.355"
"12-03-2024 10:00","1733220003","0.37"
"12-03-2024 11:00","1733223603","0.37"
"12-03-2024 12:00","1733227203","0.375"
"12-03-2024 13:00","1733230803","0.37"
"12-03-2024 14:00","1733234403","0.365"
"12-03-2024 15:00","1733238003","0.355"
"12-03-2024 16:00","1733241604","0.35"
"12-03-2024 17:00","1733245203","0.365"
"12-03-2024 18:00","1733248804","0.37"
"12-03-2024 19:00","1733252403","0.375"
"12-03-2024 20:00","1733256004","0.365"
"12-03-2024 21:00","1733259603","0.365"
"12-03-2024 22:00","1733263203","0.365"
"12-03-2024 23:00","1733266803","0.37"
"12-04-2024 00:00","1733270403","0.365"
"12-04-2024 01:00","1733274003","0.355"
"12-04-2024 02:00","1733277603","0.355"
"12-04-2024 03:00","1733281203","0.355"
"12-04-2024 04:00","1733284803","0.355"
"12-04-2024 05:00","1733288403","0.355"
"12-04-2024 06:00","1733292003","0.35"
"12-04-2024 07:00","1733295603","0.345"
"12-04-2024 08:00","1733299203","0.34"
"12-04-2024 09:00","1733302803","0.335"
"12-04-2024 10:00","1733306403","0.335"
"12-04-2024 11:00","1733310003","0.335"
"12-04-2024 12:00","1733313603","0.345"
"12-04-2024 13:00","1733317203","0.345"
"12-04-2024 14:00","1733320803","0.33"
"12-04-2024 15:00","1733324403","0.335"
"12-04-2024 16:00","1733328003","0.335"
"12-04-2024 17:00","1733331603","0.335"
"12-04-2024 18:00","1733335203","0.33"
"12-04-2024 19:00","1733338803","0.33"
"12-04-2024 20:00","1733342403","0.335"
"12-04-2024 21:00","1733346003","0.345"
"12-04-2024 22:00","1733349603","0.385"
"12-04-2024 23:00","1733353203","0.415"
"12-05-2024 00:00","1733356803","0.365"
"12-05-2024 01:00","1733360403","0.38"
"12-05-2024 02:00","1733364003","0.395"
"12-05-2024 03:00","1733367603","0.38"
"12-05-2024 04:00","1733371203","0.38"
"12-05-2024 05:00","1733374803","0.38"
"12-05-2024 06:00","1733378403","0.38"
"12-05-2024 07:00","1733382003","0.38"
"12-05-2024 08:00","1733385603","0.375"
"12-05-2024 09:00","1733389203","0.38"
"12-05-2024 10:00","1733392803","0.375"
"12-05-2024 11:00","1733396403","0.38"
"12-05-2024 12:00","1733400003","0.375"
"12-05-2024 13:00","1733403603","0.385"
"12-05-2024 14:00","1733407203","0.36"
"12-05-2024 15:00","1733410803","0.355"
"12-05-2024 16:00","1733414403","0.36"
"12-05-2024 17:00","1733418003","0.4"
"12-05-2024 18:00","1733421603","0.39"
"12-05-2024 19:00","1733425203","0.39"
"12-05-2024 20:00","1733428803","0.405"
"12-05-2024 21:00","1733432403","0.395"
"12-05-2024 22:00","1733436003","0.4"
"12-05-2024 23:00","1733439603","0.395"
"12-06-2024 00:00","1733443203","0.385"
"12-06-2024 01:00","1733446803","0.375"
"12-06-2024 02:00","1733450403","0.395"
"12-06-2024 03:00","1733454003","0.4"
"12-06-2024 04:00","1733457603","0.405"
"12-06-2024 05:00","1733461203","0.395"
"12-06-2024 06:00","1733464803","0.39"
"12-06-2024 07:00","1733468403","0.39"
"12-06-2024 08:00","1733472003","0.39"
"12-06-2024 09:00","1733475603","0.385"
"12-06-2024 10:00","1733479203","0.38"
"12-06-2024 11:00","1733482803","0.38"
"12-06-2024 12:00","1733486403","0.38"
"12-06-2024 13:00","1733490003","0.375"
"12-06-2024 14:00","1733493603","0.375"
"12-06-2024 15:00","1733497203","0.385"
"12-06-2024 16:00","1733500803","0.385"
"12-06-2024 17:00","1733504403","0.38"
"12-06-2024 18:00","1733508003","0.385"
"12-06-2024 19:00","1733511603","0.39"
"12-06-2024 20:00","1733515203","0.39"
"12-06-2024 21:00","1733518803","0.385"
"12-06-2024 22:00","1733522403","0.375"
"12-06-2024 23:00","1733526003","0.37"
"12-07-2024 00:00","1733529603","0.37"
"12-07-2024 01:00","1733533203","0.37"
"12-07-2024 02:00","1733536803","0.37"
"12-07-2024 03:00","1733540403","0.37"
"12-07-2024 04:00","1733544003","0.365"
"12-07-2024 05:00","1733547603","0.365"
"12-07-2024 06:00","1733551203","0.365"
"12-07-2024 07:00","1733554803","0.365"
"12-07-2024 08:00","1733558403","0.375"
"12-07-2024 09:00","1733562003","0.42"
"12-07-2024 10:00","1733565603","0.405"
"12-07-2024 11:00","1733569203","0.415"
"12-07-2024 12:00","1733572802","0.415"
"12-07-2024 13:00","1733576403","0.395"
"12-07-2024 14:00","1733580003","0.415"
"12-07-2024 15:00","1733583603","0.395"
"12-07-2024 16:00","1733587203","0.395"
"12-07-2024 17:00","1733590802","0.41"
"12-07-2024 18:00","1733594403","0.395"
"12-07-2024 19:00","1733598003","0.385"
"12-07-2024 20:00","1733601603","0.385"
"12-07-2024 21:00","1733605203","0.375"
"12-07-2024 22:00","1733608803","0.385"
"12-07-2024 23:00","1733612403","0.375"
"12-08-2024 00:00","1733616003","0.375"
"12-08-2024 01:00","1733619603","0.37"
"12-08-2024 02:00","1733623203","0.37"
"12-08-2024 03:00","1733626803","0.37"
"12-08-2024 04:00","1733630403","0.385"
"12-08-2024 05:00","1733634003","0.405"
"12-08-2024 06:00","1733637603","0.39"
"12-08-2024 07:00","1733641203","0.385"
"12-08-2024 08:00","1733644803","0.36"
"12-08-2024 09:00","1733648403","0.4"
"12-08-2024 10:00","1733652003","0.41"
"12-08-2024 11:00","1733655603","0.405"
"12-08-2024 12:00","1733659203","0.405"
"12-08-2024 13:00","1733662803","0.4"
"12-08-2024 14:00","1733666404","0.39"
"12-08-2024 15:00","1733670003","0.41"
"12-08-2024 16:00","1733673603","0.41"
"12-08-2024 17:00","1733677202","0.425"
"12-08-2024 18:00","1733680803","0.43"
"12-08-2024 19:00","1733684403","0.54"
"12-08-2024 20:00","1733688003","0.475"
"12-08-2024 21:00","1733691603","0.465"
"12-08-2024 22:00","1733695203","0.48"
"12-08-2024 23:00","1733698803","0.465"
"12-09-2024 00:00","1733702402","0.44"
"12-09-2024 01:00","1733706003","0.45"
"12-09-2024 02:00","1733709603","0.44"
"12-09-2024 03:00","1733713203","0.455"
"12-09-2024 04:00","1733716802","0.46"
"12-09-2024 05:00","1733720402","0.445"
"12-09-2024 06:00","1733724003","0.445"
"12-09-2024 07:00","1733727603","0.48"
"12-09-2024 08:00","1733731203","0.55"
"12-09-2024 09:00","1733734802","0.52"
"12-09-2024 10:00","1733738403","0.515"
"12-09-2024 11:00","1733742003","0.535"
"12-09-2024 12:00","1733745603","0.58"
"12-09-2024 13:00","1733749203","0.595"
"12-09-2024 14:00","1733752803","0.565"
"12-09-2024 15:00","1733756402","0.545"
"12-09-2024 16:00","1733760003","0.52"
"12-09-2024 17:00","1733763603","0.54"
"12-09-2024 18:00","1733767203","0.5"
"12-09-2024 19:00","1733770803","0.445"
"12-09-2024 20:00","1733774402","0.495"
"12-09-2024 21:00","1733778003","0.52"
"12-09-2024 22:00","1733781603","0.505"
"12-09-2024 23:00","1733785203","0.49"
"12-10-2024 00:00","1733788803","0.5"
"12-10-2024 01:00","1733792403","0.495"
"12-10-2024 02:00","1733796003","0.47"
"12-10-2024 03:00","1733799603","0.47"
"12-10-2024 04:00","1733803203","0.465"
"12-10-2024 05:00","1733806803","0.475"
"12-10-2024 06:00","1733810403","0.485"
"12-10-2024 07:00","1733814003","0.495"
"12-10-2024 08:00","1733817603","0.465"
"12-10-2024 09:00","1733821203","0.49"
"12-10-2024 10:00","1733824803","0.495"
"12-10-2024 11:00","1733828403","0.495"
"12-10-2024 12:00","1733832003","0.495"
"12-10-2024 13:00","1733835603","0.51"
"12-10-2024 14:00","1733839203","0.515"
"12-10-2024 15:00","1733842803","0.53"
"12-10-2024 16:00","1733846403","0.49"
"12-10-2024 17:00","1733850003","0.51"
"12-10-2024 18:00","1733853603","0.505"
"12-10-2024 19:00","1733857203","0.53"
"12-10-2024 20:00","1733860803","0.48"
"12-10-2024 21:00","1733864403","0.45"
"12-10-2024 22:00","1733868003","0.455"
"12-10-2024 23:00","1733871603","0.46"
"12-11-2024 00:00","1733875203","0.42"
"12-11-2024 01:00","1733878803","0.42"
"12-11-2024 02:00","1733882403","0.435"
"12-11-2024 03:00","1733886003","0.435"
"12-11-2024 04:00","1733889603","0.43"
"12-11-2024 05:00","1733893202","0.435"
"12-11-2024 06:00","1733896803","0.415"
"12-11-2024 07:00","1733900403","0.415"
"12-11-2024 08:00","1733904003","0.41"
"12-11-2024 09:00","1733907603","0.41"
"12-11-2024 10:00","1733911203","0.42"
"12-11-2024 11:00","1733914803","0.445"
"12-11-2024 12:00","1733918403","0.42"
"12-11-2024 13:00","1733922003","0.425"
"12-11-2024 14:00","1733925603","0.4"
"12-11-2024 15:00","1733929203","0.41"
"12-11-2024 16:00","1733932803","0.385"
"12-11-2024 17:00","1733936402","0.425"
"12-11-2024 18:00","1733940003","0.42"
"12-11-2024 19:00","1733943603","0.43"
"12-11-2024 20:00","1733947203","0.415"
"12-11-2024 21:00","1733950803","0.415"
"12-11-2024 22:00","1733954403","0.405"
"12-11-2024 23:00","1733958003","0.43"
"12-12-2024 00:00","1733961603","0.43"
"12-12-2024 01:00","1733965203","0.43"
"12-12-2024 02:00","1733968803","0.43"
"12-12-2024 03:00","1733972403","0.455"
"12-12-2024 04:00","1733976003","0.465"
"12-12-2024 05:00","1733979603","0.47"
"12-12-2024 06:00","1733983203","0.485"
"12-12-2024 07:00","1733986803","0.48"
"12-12-2024 08:00","1733990403","0.49"
"12-12-2024 09:00","1733994003","0.485"
"12-12-2024 10:00","1733997603","0.485"
"12-12-2024 11:00","1734001203","0.495"
"12-12-2024 12:00","1734004803","0.485"
"12-12-2024 13:00","1734008403","0.5"
"12-12-2024 14:00","1734012003","0.49"
"12-12-2024 15:00","1734015603","0.51"
"12-12-2024 16:00","1734019203","0.51"
"12-12-2024 17:00","1734022804","0.56"
"12-12-2024 18:00","1734026403","0.565"
"12-12-2024 19:00","1734030004","0.575"
"12-12-2024 20:00","1734033602","0.58"
"12-12-2024 21:00","1734037203","0.565"
"12-12-2024 22:00","1734040803","0.52"
"12-12-2024 23:00","1734044403","0.53"
"12-13-2024 00:00","1734048003","0.535"
"12-13-2024 01:00","1734051603","0.545"
"12-13-2024 02:00","1734055204","0.505"
"12-13-2024 03:00","1734058803","0.56"
"12-13-2024 04:00","1734062403","0.565"
"12-13-2024 05:00","1734066003","0.585"
"12-13-2024 06:00","1734069603","0.545"
"12-13-2024 07:00","1734073203","0.54"
"12-13-2024 08:00","1734076803","0.53"
"12-13-2024 09:00","1734080403","0.555"
"12-13-2024 10:00","1734084003","0.595"
"12-13-2024 11:00","1734087603","0.565"
"12-13-2024 12:00","1734091203","0.56"
"12-13-2024 13:00","1734094802","0.575"
"12-13-2024 14:00","1734098403","0.555"
"12-13-2024 15:00","1734102003","0.52"
"12-13-2024 16:00","1734105603","0.515"
"12-13-2024 17:00","1734109203","0.52"
"12-13-2024 18:00","1734112803","0.515"
"12-13-2024 19:00","1734116403","0.51"
"12-13-2024 20:00","1734120003","0.51"
"12-13-2024 21:00","1734123603","0.495"
"12-13-2024 22:00","1734127203","0.495"
"12-13-2024 23:00","1734130803","0.495"
"12-14-2024 00:00","1734134403","0.495"
"12-14-2024 01:00","1734138003","0.505"
"12-14-2024 02:00","1734141603","0.495"
"12-14-2024 02:13","1734142383","0.495"